filename,is_valuable
pass_0000.png,0
pass_0001.png,0
pass_0002.png,0
pass_0003.png,1
pass_0004.png,1
pass_0005.png,1
pass_0006.png,1
pass_0007.png,0
pass_0008.png,0
pass_0009.png,0
pass_0010.png,0
pass_0011.png,1
pass_0012.png,1
pass_0013.png,1
pass_0014.png,0
pass_0015.png,0
pass_0016.png,1
pass_0017.png,0
pass_0018.png,0
pass_0019.png,1
pass_0020.png,1
pass_0021.png,0
pass_0022.png,1
pass_0023.png,1
pass_0024.png,0
pass_0025.png,1
pass_0026.png,0
pass_0027.png,1
pass_0028.png,0
pass_0029.png,1
pass_0030.png,0
pass_0031.png,1
pass_0032.png,0
pass_0033.png,0
pass_0034.png,0
pass_0035.png,0
pass_0036.png,0
pass_0037.png,0
pass_0038.png,0
pass_0039.png,0
pass_0040.png,0
pass_0041.png,0
pass_0042.png,1
pass_0043.png,1
pass_0044.png,1
pass_0045.png,0
pass_0046.png,0
pass_0047.png,0
pass_0048.png,0
pass_0049.png,0
pass_0050.png,0
pass_0051.png,0
pass_0052.png,0
pass_0053.png,0
pass_0054.png,1
pass_0055.png,0
pass_0056.png,1
pass_0057.png,1
pass_0058.png,0
pass_0059.png,0
pass_0060.png,0
pass_0061.png,0
pass_0062.png,0
pass_0063.png,0
pass_0064.png,1
pass_0065.png,0
pass_0066.png,0
pass_0067.png,0
pass_0068.png,0
pass_0069.png,0
pass_0070.png,0
pass_0071.png,1
pass_0072.png,1
pass_0073.png,1
pass_0074.png,1
pass_0075.png,0
pass_0076.png,1
pass_0077.png,0
pass_0078.png,0
pass_0079.png,0
pass_0080.png,0
pass_0081.png,0
pass_0082.png,0
pass_0083.png,0
pass_0084.png,0
pass_0085.png,0
pass_0086.png,1
pass_0087.png,1
pass_0088.png,0
pass_0089.png,0
pass_0090.png,0
pass_0091.png,1
pass_0092.png,1
pass_0093.png,0
pass_0094.png,1
pass_0095.png,0
pass_0096.png,0
pass_0097.png,0
pass_0098.png,1
pass_0099.png,1
pass_0100.png,0
pass_0101.png,0
pass_0102.png,0
pass_0103.png,0
pass_0104.png,1
pass_0105.png,1
pass_0106.png,1
pass_0107.png,0
pass_0108.png,0
pass_0109.png,0
pass_0110.png,0
pass_0111.png,1
pass_0112.png,0
pass_0113.png,1
pass_0114.png,0
pass_0115.png,0
pass_0116.png,0
pass_0117.png,0
pass_0118.png,1
pass_0119.png,0
pass_0120.png,0
pass_0121.png,1
pass_0122.png,0
pass_0123.png,1
pass_0124.png,0
pass_0125.png,0
pass_0126.png,0
pass_0127.png,0
pass_0128.png,0
pass_0129.png,0
pass_0130.png,0
pass_0131.png,0
pass_0132.png,0
pass_0133.png,0
pass_0134.png,0
pass_0135.png,0
pass_0136.png,0
pass_0137.png,0
pass_0138.png,1
pass_0139.png,1
pass_0140.png,0
pass_0141.png,0
pass_0142.png,0
pass_0143.png,0
pass_0144.png,0
pass_0145.png,0
pass_0146.png,0
pass_0147.png,0
pass_0148.png,0
pass_0149.png,0
pass_0150.png,0
pass_0151.png,0
pass_0152.png,0
pass_0153.png,0
pass_0154.png,0
pass_0155.png,1
pass_0156.png,0
pass_0157.png,0
pass_0158.png,0
pass_0159.png,1
pass_0160.png,0
pass_0161.png,0
pass_0162.png,1
pass_0163.png,1
pass_0164.png,1
pass_0165.png,0
pass_0166.png,1
pass_0167.png,0
pass_0168.png,0
pass_0169.png,0
pass_0170.png,0
pass_0171.png,0
pass_0172.png,0
pass_0173.png,0
pass_0174.png,1
pass_0175.png,0
pass_0176.png,0
pass_0177.png,0
pass_0178.png,1
pass_0179.png,0
pass_0180.png,0
pass_0181.png,0
pass_0182.png,0
pass_0183.png,1
pass_0184.png,0
pass_0185.png,0
pass_0186.png,0
pass_0187.png,0
pass_0188.png,1
pass_0189.png,0
pass_0190.png,1
pass_0191.png,0
pass_0192.png,0
pass_0193.png,0
pass_0194.png,0
pass_0195.png,1
pass_0196.png,1
pass_0197.png,0
pass_0198.png,0
pass_0199.png,0
pass_0200.png,0
pass_0201.png,1
pass_0202.png,0
pass_0203.png,0
pass_0204.png,0
pass_0205.png,0
pass_0206.png,0
pass_0207.png,0
pass_0208.png,0
pass_0209.png,1
pass_0210.png,0
pass_0211.png,1
pass_0212.png,0
pass_0213.png,0
pass_0214.png,0
pass_0215.png,0
pass_0216.png,0
pass_0217.png,1
pass_0218.png,0
pass_0219.png,1
pass_0220.png,0
pass_0221.png,1
pass_0222.png,0
pass_0223.png,0
pass_0224.png,0
pass_0225.png,0
pass_0226.png,0
pass_0227.png,0
pass_0228.png,1
pass_0229.png,0
pass_0230.png,1
pass_0231.png,0
pass_0232.png,0
pass_0233.png,0
pass_0234.png,1
pass_0235.png,0
pass_0236.png,0
pass_0237.png,1
pass_0238.png,0
pass_0239.png,0
pass_0240.png,1
pass_0241.png,1
pass_0242.png,0
pass_0243.png,0
pass_0244.png,0
pass_0245.png,0
pass_0246.png,0
pass_0247.png,0
pass_0248.png,0
pass_0249.png,0
pass_0250.png,0
pass_0251.png,0
pass_0252.png,0
pass_0253.png,0
pass_0254.png,0
pass_0255.png,1
pass_0256.png,0
pass_0257.png,0
pass_0258.png,1
pass_0259.png,1
pass_0260.png,0
pass_0261.png,0
pass_0262.png,0
pass_0263.png,0
pass_0264.png,0
pass_0265.png,0
pass_0266.png,0
pass_0267.png,0
pass_0268.png,0
pass_0269.png,1
pass_0270.png,1
pass_0271.png,0
pass_0272.png,0
pass_0273.png,1
pass_0274.png,0
pass_0275.png,0
pass_0276.png,0
pass_0277.png,0
pass_0278.png,0
pass_0279.png,0
pass_0280.png,0
pass_0281.png,0
pass_0282.png,1
pass_0283.png,0
pass_0284.png,0
pass_0285.png,0
pass_0286.png,0
pass_0287.png,0
pass_0288.png,0
pass_0289.png,1
pass_0290.png,1
pass_0291.png,0
pass_0292.png,0
pass_0293.png,0
pass_0294.png,0
pass_0295.png,1
pass_0296.png,0
pass_0297.png,0
pass_0298.png,0
pass_0299.png,0
pass_0300.png,1
pass_0301.png,1
pass_0302.png,0
pass_0303.png,0
pass_0304.png,0
pass_0305.png,0
pass_0306.png,0
pass_0307.png,0
pass_0308.png,1
pass_0309.png,0
pass_0310.png,0
pass_0311.png,0
pass_0312.png,0
pass_0313.png,0
pass_0314.png,0
pass_0315.png,1
pass_0316.png,0
pass_0317.png,0
pass_0318.png,0
pass_0319.png,0
pass_0320.png,0
pass_0321.png,0
pass_0322.png,0
pass_0323.png,0
pass_0324.png,1
pass_0325.png,1
pass_0326.png,0
pass_0327.png,1
pass_0328.png,0
pass_0329.png,0
pass_0330.png,0
pass_0331.png,1
pass_0332.png,0
pass_0333.png,0
pass_0334.png,1
pass_0335.png,1
pass_0336.png,1
pass_0337.png,1
pass_0338.png,0
pass_0339.png,0
pass_0340.png,0
pass_0341.png,0
pass_0342.png,0
pass_0343.png,0
pass_0344.png,0
pass_0345.png,0
pass_0346.png,0
pass_0347.png,0
pass_0348.png,0
pass_0349.png,0
pass_0350.png,0
pass_0351.png,0
pass_0352.png,0
pass_0353.png,1
pass_0354.png,0
pass_0355.png,1
pass_0356.png,0
pass_0357.png,1
pass_0358.png,0
pass_0359.png,0
pass_0360.png,1
pass_0361.png,1
pass_0362.png,0
pass_0363.png,0
pass_0364.png,1
pass_0365.png,0
pass_0366.png,1
pass_0367.png,1
pass_0368.png,1
pass_0369.png,0
pass_0370.png,0
pass_0371.png,0
pass_0372.png,0
pass_0373.png,0
pass_0374.png,0
pass_0375.png,0
pass_0376.png,0
pass_0377.png,1
pass_0378.png,1
pass_0379.png,0
pass_0380.png,0
pass_0381.png,0
pass_0382.png,0
pass_0383.png,0
pass_0384.png,0
pass_0385.png,0
pass_0386.png,0
pass_0387.png,1
pass_0388.png,0
pass_0389.png,0
pass_0390.png,0
pass_0391.png,0
pass_0392.png,0
pass_0393.png,1
pass_0394.png,1
pass_0395.png,0
pass_0396.png,0
pass_0397.png,0
pass_0398.png,0
pass_0399.png,0
pass_0400.png,1
pass_0401.png,0
pass_0402.png,1
pass_0403.png,0
pass_0404.png,0
pass_0405.png,0
pass_0406.png,0
pass_0407.png,1
pass_0408.png,1
pass_0409.png,0
pass_0410.png,0
pass_0411.png,0
pass_0412.png,0
pass_0413.png,0
pass_0414.png,1
pass_0415.png,0
pass_0416.png,1
pass_0417.png,0
pass_0418.png,0
pass_0419.png,0
pass_0420.png,0
pass_0421.png,0
pass_0422.png,0
pass_0423.png,0
pass_0424.png,0
pass_0425.png,0
pass_0426.png,1
pass_0427.png,0
pass_0428.png,0
pass_0429.png,1
pass_0430.png,1
pass_0431.png,0
pass_0432.png,0
pass_0433.png,0
pass_0434.png,0
pass_0435.png,0
pass_0436.png,0
pass_0437.png,0
pass_0438.png,1
pass_0439.png,0
pass_0440.png,0
pass_0441.png,1
pass_0442.png,0
pass_0443.png,0
pass_0444.png,0
pass_0445.png,0
pass_0446.png,0
pass_0447.png,0
pass_0448.png,1
pass_0449.png,1
pass_0450.png,0
pass_0451.png,0
pass_0452.png,0
pass_0453.png,0
pass_0454.png,0
pass_0455.png,0
pass_0456.png,0
pass_0457.png,0
pass_0458.png,0
pass_0459.png,1
pass_0460.png,0
pass_0461.png,1
pass_0462.png,0
pass_0463.png,0
pass_0464.png,0
pass_0465.png,0
pass_0466.png,0
pass_0467.png,0
pass_0468.png,0
pass_0469.png,0
pass_0470.png,0
pass_0471.png,0
pass_0472.png,1
pass_0473.png,0
pass_0474.png,0
pass_0475.png,0
pass_0476.png,0
pass_0477.png,0
pass_0478.png,1
pass_0479.png,1
pass_0480.png,0
pass_0481.png,0
pass_0482.png,0
pass_0483.png,0
pass_0484.png,0
pass_0485.png,0
pass_0486.png,1
pass_0487.png,0
pass_0488.png,1
pass_0489.png,1
pass_0490.png,1
pass_0491.png,0
pass_0492.png,1
pass_0493.png,0
pass_0494.png,1
pass_0495.png,0
pass_0496.png,1
pass_0497.png,1
pass_0498.png,0
pass_0499.png,0
pass_0500.png,0
pass_0501.png,0
pass_0502.png,1
pass_0503.png,0
pass_0504.png,0
pass_0505.png,1
pass_0506.png,0
pass_0507.png,1
pass_0508.png,0
pass_0509.png,0
pass_0510.png,0
pass_0511.png,0
pass_0512.png,0
pass_0513.png,1
pass_0514.png,1
pass_0515.png,1
pass_0516.png,0
pass_0517.png,1
pass_0518.png,1
pass_0519.png,0
pass_0520.png,0
pass_0521.png,0
pass_0522.png,1
pass_0523.png,0
pass_0524.png,0
pass_0525.png,1
pass_0526.png,0
pass_0527.png,0
pass_0528.png,0
pass_0529.png,0
pass_0530.png,0
pass_0531.png,0
pass_0532.png,0
pass_0533.png,1
pass_0534.png,0
pass_0535.png,0
pass_0536.png,1
pass_0537.png,0
pass_0538.png,0
pass_0539.png,0
pass_0540.png,0
pass_0541.png,0
pass_0542.png,0
pass_0543.png,0
pass_0544.png,0
pass_0545.png,0
pass_0546.png,0
pass_0547.png,0
pass_0548.png,0
pass_0549.png,1
pass_0550.png,0
pass_0551.png,0
pass_0552.png,0
pass_0553.png,1
pass_0554.png,0
pass_0555.png,0
pass_0556.png,0
pass_0557.png,0
pass_0558.png,0
pass_0559.png,0
pass_0560.png,0
pass_0561.png,0
pass_0562.png,0
pass_0563.png,0
pass_0564.png,0
pass_0565.png,0
pass_0566.png,0
pass_0567.png,0
pass_0568.png,0
pass_0569.png,0
pass_0570.png,0
pass_0571.png,0
pass_0572.png,0
pass_0573.png,0
pass_0574.png,1
pass_0575.png,0
pass_0576.png,1
pass_0577.png,0
pass_0578.png,0
pass_0579.png,0
pass_0580.png,1
pass_0581.png,0
pass_0582.png,0
pass_0583.png,0
pass_0584.png,0
pass_0585.png,0
pass_0586.png,0
pass_0587.png,0
pass_0588.png,1
pass_0589.png,0
pass_0590.png,0
pass_0591.png,0
pass_0592.png,0
pass_0593.png,0
pass_0594.png,0
pass_0595.png,1
pass_0596.png,0
pass_0597.png,0
pass_0598.png,1
pass_0599.png,0
pass_0600.png,1
pass_0601.png,0
pass_0602.png,0
pass_0603.png,0
pass_0604.png,0
pass_0605.png,0
pass_0606.png,1
pass_0607.png,0
pass_0608.png,0
pass_0609.png,0
pass_0610.png,1
pass_0611.png,0
pass_0612.png,0
pass_0613.png,1
pass_0614.png,0
pass_0615.png,0
pass_0616.png,0
pass_0617.png,1
pass_0618.png,1
pass_0619.png,0
pass_0620.png,0
pass_0621.png,0
pass_0622.png,1
pass_0623.png,0
pass_0624.png,0
pass_0625.png,0
pass_0626.png,0
pass_0627.png,0
pass_0628.png,0
pass_0629.png,1
pass_0630.png,0
pass_0631.png,1
pass_0632.png,1
pass_0633.png,0
pass_0634.png,0
pass_0635.png,1
pass_0636.png,1
pass_0637.png,0
pass_0638.png,0
pass_0639.png,0
pass_0640.png,0
pass_0641.png,0
pass_0642.png,0
pass_0643.png,0
pass_0644.png,0
pass_0645.png,0
pass_0646.png,0
pass_0647.png,0
pass_0648.png,1
pass_0649.png,0
pass_0650.png,0
pass_0651.png,1
pass_0652.png,0
pass_0653.png,0
pass_0654.png,1
pass_0655.png,0
pass_0656.png,0
pass_0657.png,1
pass_0658.png,1
pass_0659.png,0
pass_0660.png,1
pass_0661.png,1
pass_0662.png,0
pass_0663.png,1
pass_0664.png,0
pass_0665.png,0
pass_0666.png,1
pass_0667.png,0
pass_0668.png,0
pass_0669.png,1
pass_0670.png,0
pass_0671.png,1
pass_0672.png,1
pass_0673.png,1
pass_0674.png,0
pass_0675.png,0
pass_0676.png,0
pass_0677.png,0
pass_0678.png,0
pass_0679.png,0
pass_0680.png,0
pass_0681.png,1
pass_0682.png,1
pass_0683.png,0
pass_0684.png,0
pass_0685.png,0
pass_0686.png,1
pass_0687.png,0
pass_0688.png,0
pass_0689.png,0
pass_0690.png,0
pass_0691.png,0
pass_0692.png,1
pass_0693.png,0
pass_0694.png,0
pass_0695.png,0
pass_0696.png,1
pass_0697.png,0
pass_0698.png,0
pass_0699.png,1
pass_0700.png,0
pass_0701.png,0
pass_0702.png,0
pass_0703.png,0
pass_0704.png,0
pass_0705.png,0
pass_0706.png,0
pass_0707.png,1
pass_0708.png,0
pass_0709.png,0
pass_0710.png,0
pass_0711.png,0
pass_0712.png,1
pass_0713.png,0
pass_0714.png,0
pass_0715.png,0
pass_0716.png,0
pass_0717.png,1
pass_0718.png,0
pass_0719.png,0
pass_0720.png,0
pass_0721.png,1
pass_0722.png,1
pass_0723.png,0
pass_0724.png,0
pass_0725.png,0
pass_0726.png,1
pass_0727.png,1
pass_0728.png,0
pass_0729.png,0
pass_0730.png,0
pass_0731.png,1
pass_0732.png,0
pass_0733.png,0
pass_0734.png,0
pass_0735.png,0
pass_0736.png,1
pass_0737.png,1
pass_0738.png,0
pass_0739.png,1
pass_0740.png,0
pass_0741.png,1
pass_0742.png,0
pass_0743.png,0
pass_0744.png,0
pass_0745.png,0
pass_0746.png,1
pass_0747.png,1
pass_0748.png,1
pass_0749.png,0
pass_0750.png,0
pass_0751.png,0
pass_0752.png,0
pass_0753.png,0
pass_0754.png,0
pass_0755.png,1
pass_0756.png,0
pass_0757.png,0
pass_0758.png,0
pass_0759.png,0
pass_0760.png,0
pass_0761.png,0
pass_0762.png,0
pass_0763.png,0
pass_0764.png,0
pass_0765.png,1
pass_0766.png,1
pass_0767.png,0
pass_0768.png,0
pass_0769.png,0
pass_0770.png,0
pass_0771.png,0
pass_0772.png,0
pass_0773.png,1
pass_0774.png,0
pass_0775.png,0
pass_0776.png,1
pass_0777.png,1
pass_0778.png,0
pass_0779.png,0
pass_0780.png,0
pass_0781.png,0
pass_0782.png,0
pass_0783.png,0
pass_0784.png,0
pass_0785.png,0
pass_0786.png,0
pass_0787.png,1
pass_0788.png,0
pass_0789.png,0
pass_0790.png,0
pass_0791.png,0
pass_0792.png,0
pass_0793.png,1
pass_0794.png,0
pass_0795.png,0
pass_0796.png,1
pass_0797.png,0
pass_0798.png,0
pass_0799.png,1
pass_0800.png,0
pass_0801.png,0
pass_0802.png,0
pass_0803.png,0
pass_0804.png,0
pass_0805.png,0
pass_0806.png,0
pass_0807.png,0
pass_0808.png,1
pass_0809.png,0
pass_0810.png,1
pass_0811.png,0
pass_0812.png,0
pass_0813.png,0
pass_0814.png,0
pass_0815.png,0
pass_0816.png,0
pass_0817.png,0
pass_0818.png,0
pass_0819.png,0
pass_0820.png,1
pass_0821.png,0
pass_0822.png,0
pass_0823.png,0
pass_0824.png,0
pass_0825.png,0
pass_0826.png,1
pass_0827.png,0
pass_0828.png,0
pass_0829.png,0
pass_0830.png,0
pass_0831.png,0
pass_0832.png,1
pass_0833.png,0
pass_0834.png,0
pass_0835.png,0
pass_0836.png,0
pass_0837.png,1
pass_0838.png,0
pass_0839.png,0
pass_0840.png,0
pass_0841.png,1
pass_0842.png,0
pass_0843.png,1
pass_0844.png,1
pass_0845.png,0
pass_0846.png,0
pass_0847.png,0
pass_0848.png,0
pass_0849.png,0
pass_0850.png,0
pass_0851.png,1
pass_0852.png,0
pass_0853.png,0
pass_0854.png,0
pass_0855.png,1
pass_0856.png,0
pass_0857.png,1
pass_0858.png,0
pass_0859.png,0
pass_0860.png,0
pass_0861.png,0
pass_0862.png,0
pass_0863.png,0
pass_0864.png,0
pass_0865.png,0
pass_0866.png,1
pass_0867.png,0
pass_0868.png,0
pass_0869.png,0
pass_0870.png,0
pass_0871.png,1
pass_0872.png,1
pass_0873.png,0
pass_0874.png,0
pass_0875.png,0
pass_0876.png,0
pass_0877.png,1
pass_0878.png,0
pass_0879.png,1
pass_0880.png,0
pass_0881.png,0
pass_0882.png,0
pass_0883.png,0
pass_0884.png,1
pass_0885.png,0
pass_0886.png,0
pass_0887.png,0
pass_0888.png,1
pass_0889.png,0
pass_0890.png,0
pass_0891.png,0
pass_0892.png,0
pass_0893.png,0
pass_0894.png,0
pass_0895.png,0
pass_0896.png,0
pass_0897.png,0
pass_0898.png,0
pass_0899.png,0
pass_0900.png,1
pass_0901.png,0
pass_0902.png,0
pass_0903.png,0
pass_0904.png,0
pass_0905.png,1
pass_0906.png,0
pass_0907.png,1
pass_0908.png,0
pass_0909.png,0
pass_0910.png,1
pass_0911.png,0
pass_0912.png,0
pass_0913.png,0
pass_0914.png,0
pass_0915.png,0
pass_0916.png,0
pass_0917.png,0
pass_0918.png,0
pass_0919.png,1
pass_0920.png,0
pass_0921.png,0
pass_0922.png,0
pass_0923.png,1
pass_0924.png,0
pass_0925.png,0
pass_0926.png,0
pass_0927.png,0
pass_0928.png,1
pass_0929.png,0
pass_0930.png,1
pass_0931.png,0
pass_0932.png,0
pass_0933.png,1
pass_0934.png,0
pass_0935.png,1
pass_0936.png,0
pass_0937.png,0
pass_0938.png,1
pass_0939.png,0
pass_0940.png,0
pass_0941.png,0
pass_0942.png,0
pass_0943.png,0
pass_0944.png,0
pass_0945.png,0
pass_0946.png,0
pass_0947.png,0
pass_0948.png,1
pass_0949.png,0
pass_0950.png,0
pass_0951.png,0
pass_0952.png,1
pass_0953.png,0
pass_0954.png,1
pass_0955.png,1
pass_0956.png,0
pass_0957.png,0
pass_0958.png,0
pass_0959.png,0
pass_0960.png,0
pass_0961.png,1
pass_0962.png,0
pass_0963.png,0
pass_0964.png,0
pass_0965.png,0
pass_0966.png,1
pass_0967.png,0
pass_0968.png,0
pass_0969.png,0
pass_0970.png,0
pass_0971.png,1
pass_0972.png,1
pass_0973.png,0
pass_0974.png,0
pass_0975.png,0
pass_0976.png,0
pass_0977.png,0
pass_0978.png,0
pass_0979.png,0
pass_0980.png,1
pass_0981.png,1
pass_0982.png,0
pass_0983.png,0
pass_0984.png,0
pass_0985.png,0
pass_0986.png,0
pass_0987.png,1
pass_0988.png,0
pass_0989.png,0
pass_0990.png,1
pass_0991.png,0
pass_0992.png,0
pass_0993.png,0
pass_0994.png,0
pass_0995.png,0
pass_0996.png,0
pass_0997.png,0
pass_0998.png,0
pass_0999.png,0
pass_1000.png,0
pass_1001.png,0
pass_1002.png,1
pass_1003.png,0
pass_1004.png,0
pass_1005.png,0
pass_1006.png,0
pass_1007.png,0
pass_1008.png,0
pass_1009.png,0
pass_1010.png,0
pass_1011.png,0
pass_1012.png,0
pass_1013.png,0
pass_1014.png,0
pass_1015.png,0
pass_1016.png,1
pass_1017.png,0
pass_1018.png,0
pass_1019.png,0
pass_1020.png,0
pass_1021.png,0
pass_1022.png,1
pass_1023.png,0
pass_1024.png,0
pass_1025.png,0
pass_1026.png,0
pass_1027.png,0
pass_1028.png,0
pass_1029.png,0
pass_1030.png,0
pass_1031.png,0
pass_1032.png,0
pass_1033.png,0
pass_1034.png,0
pass_1035.png,0
pass_1036.png,1
pass_1037.png,0
pass_1038.png,0
pass_1039.png,1
pass_1040.png,0
pass_1041.png,0
pass_1042.png,0
pass_1043.png,0
pass_1044.png,0
pass_1045.png,0
pass_1046.png,0
pass_1047.png,1
pass_1048.png,0
pass_1049.png,0
pass_1050.png,0
pass_1051.png,0
pass_1052.png,0
pass_1053.png,0
pass_1054.png,0
pass_1055.png,0
pass_1056.png,0
pass_1057.png,0
pass_1058.png,0
pass_1059.png,1
pass_1060.png,1
pass_1061.png,0
pass_1062.png,0
pass_1063.png,1
pass_1064.png,1
pass_1065.png,0
pass_1066.png,0
pass_1067.png,0
pass_1068.png,1
pass_1069.png,1
pass_1070.png,0
pass_1071.png,0
pass_1072.png,0
pass_1073.png,1
pass_1074.png,0
pass_1075.png,0
pass_1076.png,1
pass_1077.png,1
pass_1078.png,0
pass_1079.png,0
pass_1080.png,1
pass_1081.png,0
pass_1082.png,1
pass_1083.png,1
pass_1084.png,0
pass_1085.png,0
pass_1086.png,1
pass_1087.png,1
pass_1088.png,0
pass_1089.png,0
pass_1090.png,0
pass_1091.png,0
pass_1092.png,1
pass_1093.png,0
pass_1094.png,0
pass_1095.png,1
pass_1096.png,1
pass_1097.png,1
pass_1098.png,1
pass_1099.png,0
pass_1100.png,1
pass_1101.png,0
pass_1102.png,0
pass_1103.png,0
pass_1104.png,1
pass_1105.png,0
pass_1106.png,0
pass_1107.png,0
pass_1108.png,0
pass_1109.png,1
pass_1110.png,0
pass_1111.png,1
pass_1112.png,1
pass_1113.png,0
pass_1114.png,0
pass_1115.png,0
pass_1116.png,1
pass_1117.png,0
pass_1118.png,1
pass_1119.png,0
pass_1120.png,1
pass_1121.png,0
pass_1122.png,0
pass_1123.png,1
pass_1124.png,0
pass_1125.png,1
pass_1126.png,0
pass_1127.png,0
pass_1128.png,0
pass_1129.png,0
pass_1130.png,0
pass_1131.png,0
pass_1132.png,1
pass_1133.png,1
pass_1134.png,0
pass_1135.png,0
pass_1136.png,0
pass_1137.png,0
pass_1138.png,0
pass_1139.png,1
pass_1140.png,0
pass_1141.png,0
pass_1142.png,1
pass_1143.png,1
pass_1144.png,0
pass_1145.png,0
pass_1146.png,0
pass_1147.png,0
pass_1148.png,0
pass_1149.png,0
pass_1150.png,0
pass_1151.png,0
pass_1152.png,0
pass_1153.png,0
pass_1154.png,0
pass_1155.png,0
pass_1156.png,0
pass_1157.png,0
pass_1158.png,0
pass_1159.png,0
pass_1160.png,0
pass_1161.png,0
pass_1162.png,0
pass_1163.png,0
pass_1164.png,0
pass_1165.png,0
pass_1166.png,0
pass_1167.png,0
pass_1168.png,1
pass_1169.png,0
pass_1170.png,0
pass_1171.png,0
pass_1172.png,1
pass_1173.png,0
pass_1174.png,0
pass_1175.png,1
pass_1176.png,0
pass_1177.png,0
pass_1178.png,0
pass_1179.png,0
pass_1180.png,0
pass_1181.png,0
pass_1182.png,0
pass_1183.png,0
pass_1184.png,0
pass_1185.png,0
pass_1186.png,1
pass_1187.png,0
pass_1188.png,0
pass_1189.png,0
pass_1190.png,0
pass_1191.png,0
pass_1192.png,0
pass_1193.png,0
pass_1194.png,0
pass_1195.png,0
pass_1196.png,1
pass_1197.png,0
pass_1198.png,0
pass_1199.png,0
pass_1200.png,0
pass_1201.png,0
pass_1202.png,0
pass_1203.png,1
pass_1204.png,0
pass_1205.png,1
pass_1206.png,0
pass_1207.png,1
pass_1208.png,0
pass_1209.png,0
pass_1210.png,0
pass_1211.png,0
pass_1212.png,0
pass_1213.png,0
pass_1214.png,0
pass_1215.png,0
pass_1216.png,0
pass_1217.png,0
pass_1218.png,1
pass_1219.png,0
pass_1220.png,0
pass_1221.png,0
pass_1222.png,0
pass_1223.png,0
pass_1224.png,1
pass_1225.png,0
pass_1226.png,0
pass_1227.png,0
pass_1228.png,0
pass_1229.png,0
pass_1230.png,1
pass_1231.png,0
pass_1232.png,1
pass_1233.png,0
pass_1234.png,0
pass_1235.png,0
pass_1236.png,1
pass_1237.png,0
pass_1238.png,1
pass_1239.png,1
pass_1240.png,0
pass_1241.png,1
pass_1242.png,0
pass_1243.png,0
pass_1244.png,0
pass_1245.png,0
pass_1246.png,0
pass_1247.png,0
pass_1248.png,0
pass_1249.png,0
pass_1250.png,0
pass_1251.png,0
pass_1252.png,1
pass_1253.png,1
pass_1254.png,0
pass_1255.png,0
pass_1256.png,0
pass_1257.png,0
pass_1258.png,0
pass_1259.png,1
pass_1260.png,0
pass_1261.png,0
pass_1262.png,0
pass_1263.png,0
pass_1264.png,1
pass_1265.png,0
pass_1266.png,0
pass_1267.png,0
pass_1268.png,0
pass_1269.png,1
pass_1270.png,0
pass_1271.png,0
pass_1272.png,0
pass_1273.png,0
pass_1274.png,0
pass_1275.png,0
pass_1276.png,0
pass_1277.png,0
pass_1278.png,0
pass_1279.png,1
pass_1280.png,0
pass_1281.png,0
pass_1282.png,0
pass_1283.png,0
pass_1284.png,1
pass_1285.png,0
pass_1286.png,0
pass_1287.png,1
pass_1288.png,1
pass_1289.png,0
pass_1290.png,0
pass_1291.png,1
pass_1292.png,0
pass_1293.png,0
pass_1294.png,0
pass_1295.png,0
pass_1296.png,1
pass_1297.png,0
pass_1298.png,0
pass_1299.png,0
pass_1300.png,1
pass_1301.png,0
pass_1302.png,0
pass_1303.png,0
pass_1304.png,0
pass_1305.png,0
pass_1306.png,0
pass_1307.png,0
pass_1308.png,1
pass_1309.png,1
pass_1310.png,0
pass_1311.png,1
pass_1312.png,0
pass_1313.png,0
pass_1314.png,1
pass_1315.png,0
pass_1316.png,0
pass_1317.png,0
pass_1318.png,0
pass_1319.png,1
pass_1320.png,0
pass_1321.png,0
pass_1322.png,1
pass_1323.png,1
pass_1324.png,0
pass_1325.png,0
pass_1326.png,1
pass_1327.png,1
pass_1328.png,1
pass_1329.png,0
pass_1330.png,0
pass_1331.png,0
pass_1332.png,1
pass_1333.png,0
pass_1334.png,0
pass_1335.png,0
pass_1336.png,0
pass_1337.png,0
pass_1338.png,0
pass_1339.png,0
pass_1340.png,0
pass_1341.png,0
pass_1342.png,0
pass_1343.png,1
pass_1344.png,0
pass_1345.png,0
pass_1346.png,0
pass_1347.png,0
pass_1348.png,0
pass_1349.png,0
pass_1350.png,0
pass_1351.png,0
pass_1352.png,0
pass_1353.png,0
pass_1354.png,0
pass_1355.png,0
pass_1356.png,0
pass_1357.png,0
pass_1358.png,1
pass_1359.png,1
pass_1360.png,0
pass_1361.png,0
pass_1362.png,0
pass_1363.png,0
pass_1364.png,0
pass_1365.png,0
pass_1366.png,1
pass_1367.png,0
pass_1368.png,0
pass_1369.png,0
pass_1370.png,1
pass_1371.png,1
pass_1372.png,1
pass_1373.png,0
pass_1374.png,1
pass_1375.png,0
pass_1376.png,0
pass_1377.png,0
pass_1378.png,0
pass_1379.png,0
pass_1380.png,0
pass_1381.png,0
pass_1382.png,0
pass_1383.png,0
pass_1384.png,0
pass_1385.png,1
pass_1386.png,0
pass_1387.png,0
pass_1388.png,0
pass_1389.png,0
pass_1390.png,0
pass_1391.png,1
pass_1392.png,0
pass_1393.png,1
pass_1394.png,0
pass_1395.png,0
pass_1396.png,0
pass_1397.png,0
pass_1398.png,0
pass_1399.png,0
pass_1400.png,0
pass_1401.png,0
pass_1402.png,0
pass_1403.png,1
pass_1404.png,0
pass_1405.png,0
pass_1406.png,0
pass_1407.png,0
pass_1408.png,1
pass_1409.png,0
pass_1410.png,0
pass_1411.png,1
pass_1412.png,0
pass_1413.png,0
pass_1414.png,0
pass_1415.png,1
pass_1416.png,0
pass_1417.png,0
pass_1418.png,0
pass_1419.png,1
pass_1420.png,0
pass_1421.png,0
pass_1422.png,1
pass_1423.png,0
pass_1424.png,0
pass_1425.png,0
pass_1426.png,1
pass_1427.png,0
pass_1428.png,0
pass_1429.png,0
pass_1430.png,1
pass_1431.png,0
pass_1432.png,0
pass_1433.png,1
pass_1434.png,1
pass_1435.png,1
pass_1436.png,0
pass_1437.png,0
pass_1438.png,0
pass_1439.png,1
pass_1440.png,0
pass_1441.png,0
pass_1442.png,1
pass_1443.png,0
pass_1444.png,0
pass_1445.png,0
pass_1446.png,0
pass_1447.png,0
pass_1448.png,0
pass_1449.png,1
pass_1450.png,0
pass_1451.png,0
pass_1452.png,0
pass_1453.png,0
pass_1454.png,0
pass_1455.png,1
pass_1456.png,0
pass_1457.png,0
pass_1458.png,0
pass_1459.png,0
pass_1460.png,0
pass_1461.png,0
pass_1462.png,1
pass_1463.png,1
pass_1464.png,1
pass_1465.png,1
pass_1466.png,0
pass_1467.png,0
pass_1468.png,1
pass_1469.png,1
pass_1470.png,0
pass_1471.png,0
pass_1472.png,0
pass_1473.png,0
pass_1474.png,0
pass_1475.png,1
pass_1476.png,0
pass_1477.png,1
pass_1478.png,0
pass_1479.png,0
pass_1480.png,0
pass_1481.png,0
pass_1482.png,0
pass_1483.png,0
pass_1484.png,0
pass_1485.png,1
pass_1486.png,0
pass_1487.png,0
pass_1488.png,0
pass_1489.png,1
pass_1490.png,0
pass_1491.png,1
pass_1492.png,0
pass_1493.png,0
pass_1494.png,1
pass_1495.png,0
pass_1496.png,0
pass_1497.png,0
pass_1498.png,0
pass_1499.png,0
pass_1500.png,0
pass_1501.png,0
pass_1502.png,0
pass_1503.png,1
pass_1504.png,0
pass_1505.png,1
pass_1506.png,0
pass_1507.png,0
pass_1508.png,0
pass_1509.png,0
pass_1510.png,0
pass_1511.png,0
pass_1512.png,1
pass_1513.png,0
pass_1514.png,0
pass_1515.png,0
pass_1516.png,1
pass_1517.png,0
pass_1518.png,0
pass_1519.png,0
pass_1520.png,0
pass_1521.png,0
pass_1522.png,1
pass_1523.png,0
pass_1524.png,0
pass_1525.png,0
pass_1526.png,0
pass_1527.png,1
pass_1528.png,0
pass_1529.png,0
pass_1530.png,0
pass_1531.png,0
pass_1532.png,0
pass_1533.png,0
pass_1534.png,0
pass_1535.png,0
pass_1536.png,0
pass_1537.png,0
pass_1538.png,0
pass_1539.png,1
pass_1540.png,0
pass_1541.png,1
pass_1542.png,0
pass_1543.png,0
pass_1544.png,0
pass_1545.png,0
pass_1546.png,1
pass_1547.png,0
pass_1548.png,1
pass_1549.png,0
pass_1550.png,0
pass_1551.png,0
pass_1552.png,0
pass_1553.png,1
pass_1554.png,0
pass_1555.png,1
pass_1556.png,0
pass_1557.png,0
pass_1558.png,0
pass_1559.png,0
pass_1560.png,0
pass_1561.png,1
pass_1562.png,0
pass_1563.png,0
pass_1564.png,0
pass_1565.png,0
pass_1566.png,0
pass_1567.png,0
pass_1568.png,0
pass_1569.png,0
pass_1570.png,1
pass_1571.png,0
pass_1572.png,1
pass_1573.png,0
pass_1574.png,0
pass_1575.png,0
pass_1576.png,0
pass_1577.png,1
pass_1578.png,0
pass_1579.png,0
pass_1580.png,0
pass_1581.png,0
pass_1582.png,0
pass_1583.png,0
pass_1584.png,0
pass_1585.png,0
pass_1586.png,1
pass_1587.png,0
pass_1588.png,0
pass_1589.png,0
pass_1590.png,0
pass_1591.png,0
pass_1592.png,0
pass_1593.png,0
pass_1594.png,0
pass_1595.png,0
pass_1596.png,0
pass_1597.png,1
pass_1598.png,0
pass_1599.png,0
pass_1600.png,0
pass_1601.png,0
pass_1602.png,0
pass_1603.png,1
pass_1604.png,0
pass_1605.png,0
pass_1606.png,0
pass_1607.png,0
pass_1608.png,0
pass_1609.png,1
pass_1610.png,1
pass_1611.png,0
pass_1612.png,0
pass_1613.png,0
pass_1614.png,0
pass_1615.png,0
pass_1616.png,0
pass_1617.png,0
pass_1618.png,1
pass_1619.png,0
pass_1620.png,0
pass_1621.png,1
pass_1622.png,0
pass_1623.png,1
pass_1624.png,1
pass_1625.png,0
pass_1626.png,0
pass_1627.png,0
pass_1628.png,0
pass_1629.png,0
pass_1630.png,0
pass_1631.png,0
pass_1632.png,0
pass_1633.png,0
pass_1634.png,0
pass_1635.png,0
pass_1636.png,1
pass_1637.png,0
pass_1638.png,1
pass_1639.png,1
pass_1640.png,0
pass_1641.png,0
pass_1642.png,0
pass_1643.png,1
pass_1644.png,0
pass_1645.png,1
pass_1646.png,0
pass_1647.png,0
pass_1648.png,0
pass_1649.png,0
pass_1650.png,0
pass_1651.png,1
pass_1652.png,1
pass_1653.png,1
pass_1654.png,1
pass_1655.png,0
pass_1656.png,1
pass_1657.png,1
pass_1658.png,1
pass_1659.png,0
pass_1660.png,0
pass_1661.png,1
pass_1662.png,0
pass_1663.png,0
pass_1664.png,0
pass_1665.png,0
pass_1666.png,0
pass_1667.png,1
pass_1668.png,0
pass_1669.png,0
pass_1670.png,0
pass_1671.png,0
pass_1672.png,0
pass_1673.png,0
pass_1674.png,0
pass_1675.png,0
pass_1676.png,0
pass_1677.png,0
pass_1678.png,0
pass_1679.png,0
pass_1680.png,0
pass_1681.png,1
pass_1682.png,0
pass_1683.png,0
pass_1684.png,0
pass_1685.png,1
pass_1686.png,1
pass_1687.png,1
pass_1688.png,1
pass_1689.png,0
pass_1690.png,1
pass_1691.png,0
pass_1692.png,0
pass_1693.png,0
pass_1694.png,0
pass_1695.png,0
pass_1696.png,0
pass_1697.png,0
pass_1698.png,1
pass_1699.png,0
pass_1700.png,0
pass_1701.png,0
pass_1702.png,1
pass_1703.png,1
pass_1704.png,0
pass_1705.png,0
pass_1706.png,0
pass_1707.png,0
pass_1708.png,0
pass_1709.png,0
pass_1710.png,0
pass_1711.png,0
pass_1712.png,0
pass_1713.png,0
pass_1714.png,0
pass_1715.png,1
pass_1716.png,0
pass_1717.png,0
pass_1718.png,1
pass_1719.png,0
pass_1720.png,0
pass_1721.png,0
pass_1722.png,0
pass_1723.png,0
pass_1724.png,0
pass_1725.png,0
pass_1726.png,0
pass_1727.png,0
pass_1728.png,0
pass_1729.png,0
pass_1730.png,0
pass_1731.png,0
pass_1732.png,1
pass_1733.png,0
pass_1734.png,0
pass_1735.png,0
pass_1736.png,0
pass_1737.png,0
pass_1738.png,0
pass_1739.png,0
pass_1740.png,1
pass_1741.png,0
pass_1742.png,0
pass_1743.png,0
pass_1744.png,0
pass_1745.png,0
pass_1746.png,0
pass_1747.png,0
pass_1748.png,0
pass_1749.png,0
pass_1750.png,0
pass_1751.png,0
pass_1752.png,1
pass_1753.png,0
pass_1754.png,1
pass_1755.png,1
pass_1756.png,0
pass_1757.png,1
pass_1758.png,0
pass_1759.png,1
pass_1760.png,0
pass_1761.png,0
pass_1762.png,0
pass_1763.png,0
pass_1764.png,0
pass_1765.png,0
pass_1766.png,0
pass_1767.png,0
pass_1768.png,0
pass_1769.png,0
pass_1770.png,0
pass_1771.png,0
pass_1772.png,0
pass_1773.png,1
pass_1774.png,0
pass_1775.png,0
pass_1776.png,0
pass_1777.png,0
pass_1778.png,0
pass_1779.png,0
pass_1780.png,0
pass_1781.png,0
pass_1782.png,0
pass_1783.png,0
pass_1784.png,0
pass_1785.png,1
pass_1786.png,0
pass_1787.png,1
pass_1788.png,0
pass_1789.png,0
pass_1790.png,0
pass_1791.png,0
pass_1792.png,0
pass_1793.png,1
pass_1794.png,0
pass_1795.png,0
pass_1796.png,1
pass_1797.png,0
pass_1798.png,0
pass_1799.png,0
pass_1800.png,0
pass_1801.png,0
pass_1802.png,1
pass_1803.png,0
pass_1804.png,1
pass_1805.png,1
pass_1806.png,1
pass_1807.png,0
pass_1808.png,1
pass_1809.png,0
pass_1810.png,0
pass_1811.png,0
pass_1812.png,0
pass_1813.png,0
pass_1814.png,0
pass_1815.png,0
pass_1816.png,0
pass_1817.png,0
pass_1818.png,0
pass_1819.png,0
pass_1820.png,1
pass_1821.png,0
pass_1822.png,0
pass_1823.png,1
pass_1824.png,0
pass_1825.png,0
pass_1826.png,1
pass_1827.png,0
pass_1828.png,0
pass_1829.png,0
pass_1830.png,1
pass_1831.png,0
pass_1832.png,0
pass_1833.png,1
pass_1834.png,0
pass_1835.png,0
pass_1836.png,0
pass_1837.png,0
pass_1838.png,0
pass_1839.png,0
pass_1840.png,0
pass_1841.png,1
pass_1842.png,0
pass_1843.png,0
pass_1844.png,0
pass_1845.png,0
pass_1846.png,0
pass_1847.png,0
pass_1848.png,0
pass_1849.png,0
pass_1850.png,0
pass_1851.png,0
pass_1852.png,0
pass_1853.png,0
pass_1854.png,0
pass_1855.png,0
pass_1856.png,1
pass_1857.png,0
pass_1858.png,0
pass_1859.png,0
pass_1860.png,0
pass_1861.png,0
pass_1862.png,0
pass_1863.png,0
pass_1864.png,0
pass_1865.png,0
pass_1866.png,0
pass_1867.png,1
pass_1868.png,0
pass_1869.png,0
pass_1870.png,0
pass_1871.png,0
pass_1872.png,0
pass_1873.png,0
pass_1874.png,0
pass_1875.png,0
pass_1876.png,0
pass_1877.png,0
pass_1878.png,0
pass_1879.png,0
pass_1880.png,0
pass_1881.png,1
pass_1882.png,0
pass_1883.png,0
pass_1884.png,0
pass_1885.png,0
pass_1886.png,0
pass_1887.png,0
pass_1888.png,0
pass_1889.png,0
pass_1890.png,0
pass_1891.png,1
pass_1892.png,0
pass_1893.png,1
pass_1894.png,0
pass_1895.png,0
pass_1896.png,1
pass_1897.png,0
pass_1898.png,0
pass_1899.png,0
pass_1900.png,0
pass_1901.png,1
pass_1902.png,0
pass_1903.png,0
pass_1904.png,0
pass_1905.png,0
pass_1906.png,1
pass_1907.png,0
pass_1908.png,0
pass_1909.png,0
pass_1910.png,0
pass_1911.png,0
pass_1912.png,0
pass_1913.png,0
pass_1914.png,0
pass_1915.png,0
pass_1916.png,1
pass_1917.png,0
pass_1918.png,0
pass_1919.png,1
pass_1920.png,0
pass_1921.png,0
pass_1922.png,0
pass_1923.png,0
pass_1924.png,1
pass_1925.png,0
pass_1926.png,1
pass_1927.png,1
pass_1928.png,0
pass_1929.png,0
pass_1930.png,0
pass_1931.png,1
pass_1932.png,0
pass_1933.png,0
pass_1934.png,0
pass_1935.png,0
pass_1936.png,1
pass_1937.png,1
pass_1938.png,0
pass_1939.png,1
pass_1940.png,0
pass_1941.png,0
pass_1942.png,0
pass_1943.png,0
pass_1944.png,0
pass_1945.png,0
pass_1946.png,0
pass_1947.png,1
pass_1948.png,0
pass_1949.png,0
pass_1950.png,0
pass_1951.png,0
pass_1952.png,0
pass_1953.png,0
pass_1954.png,0
pass_1955.png,0
pass_1956.png,1
pass_1957.png,0
pass_1958.png,0
pass_1959.png,0
pass_1960.png,0
pass_1961.png,1
pass_1962.png,0
pass_1963.png,0
pass_1964.png,0
pass_1965.png,0
pass_1966.png,1
pass_1967.png,0
pass_1968.png,1
pass_1969.png,0
pass_1970.png,0
pass_1971.png,0
pass_1972.png,0
pass_1973.png,0
pass_1974.png,0
pass_1975.png,1
pass_1976.png,1
pass_1977.png,0
pass_1978.png,0
pass_1979.png,0
pass_1980.png,0
pass_1981.png,0
pass_1982.png,0
pass_1983.png,0
pass_1984.png,0
pass_1985.png,1
pass_1986.png,0
pass_1987.png,1
pass_1988.png,1
pass_1989.png,0
pass_1990.png,0
pass_1991.png,0
pass_1992.png,1
pass_1993.png,0
pass_1994.png,1
pass_1995.png,1
pass_1996.png,0
pass_1997.png,0
pass_1998.png,1
pass_1999.png,0
pass_2000.png,0
pass_2001.png,1
pass_2002.png,1
pass_2003.png,1
pass_2004.png,0
pass_2005.png,1
pass_2006.png,0
pass_2007.png,0
pass_2008.png,0
pass_2009.png,0
pass_2010.png,0
pass_2011.png,0
pass_2012.png,0
pass_2013.png,0
pass_2014.png,0
pass_2015.png,0
pass_2016.png,0
pass_2017.png,0
pass_2018.png,0
pass_2019.png,1
pass_2020.png,0
pass_2021.png,0
pass_2022.png,0
pass_2023.png,0
pass_2024.png,0
pass_2025.png,0
pass_2026.png,0
pass_2027.png,1
pass_2028.png,0
pass_2029.png,0
pass_2030.png,0
pass_2031.png,0
pass_2032.png,0
pass_2033.png,0
pass_2034.png,0
pass_2035.png,0
pass_2036.png,0
pass_2037.png,0
pass_2038.png,0
pass_2039.png,0
pass_2040.png,0
pass_2041.png,0
pass_2042.png,0
pass_2043.png,0
pass_2044.png,0
pass_2045.png,0
pass_2046.png,1
pass_2047.png,0
pass_2048.png,0
pass_2049.png,0
pass_2050.png,0
pass_2051.png,1
pass_2052.png,0
pass_2053.png,0
pass_2054.png,0
pass_2055.png,0
pass_2056.png,0
pass_2057.png,0
pass_2058.png,0
pass_2059.png,1
pass_2060.png,1
pass_2061.png,0
pass_2062.png,0
pass_2063.png,0
pass_2064.png,0
pass_2065.png,0
pass_2066.png,1
pass_2067.png,0
pass_2068.png,0
pass_2069.png,1
pass_2070.png,0
pass_2071.png,0
pass_2072.png,0
pass_2073.png,0
pass_2074.png,0
pass_2075.png,1
pass_2076.png,0
pass_2077.png,0
pass_2078.png,0
pass_2079.png,0
pass_2080.png,0
pass_2081.png,0
pass_2082.png,0
pass_2083.png,1
pass_2084.png,1
pass_2085.png,1
pass_2086.png,0
pass_2087.png,0
pass_2088.png,0
pass_2089.png,1
pass_2090.png,0
pass_2091.png,0
pass_2092.png,0
pass_2093.png,1
pass_2094.png,0
pass_2095.png,0
pass_2096.png,1
pass_2097.png,0
pass_2098.png,1
pass_2099.png,0
pass_2100.png,0
pass_2101.png,0
pass_2102.png,0
pass_2103.png,0
pass_2104.png,1
pass_2105.png,0
pass_2106.png,1
pass_2107.png,0
pass_2108.png,0
pass_2109.png,0
pass_2110.png,0
pass_2111.png,0
pass_2112.png,1
pass_2113.png,0
pass_2114.png,0
pass_2115.png,1
pass_2116.png,0
pass_2117.png,0
pass_2118.png,1
pass_2119.png,1
pass_2120.png,0
pass_2121.png,0
pass_2122.png,0
pass_2123.png,0
pass_2124.png,0
pass_2125.png,1
pass_2126.png,0
pass_2127.png,0
pass_2128.png,0
pass_2129.png,0
pass_2130.png,0
pass_2131.png,0
pass_2132.png,0
pass_2133.png,1
pass_2134.png,0
pass_2135.png,0
pass_2136.png,0
pass_2137.png,0
pass_2138.png,1
pass_2139.png,0
pass_2140.png,0
pass_2141.png,0
pass_2142.png,0
pass_2143.png,0
pass_2144.png,0
pass_2145.png,0
pass_2146.png,0
pass_2147.png,1
pass_2148.png,0
pass_2149.png,1
pass_2150.png,0
pass_2151.png,0
pass_2152.png,1
pass_2153.png,0
pass_2154.png,0
pass_2155.png,0
pass_2156.png,0
pass_2157.png,1
pass_2158.png,0
pass_2159.png,1
pass_2160.png,1
pass_2161.png,0
pass_2162.png,0
pass_2163.png,0
pass_2164.png,0
pass_2165.png,0
pass_2166.png,0
pass_2167.png,0
pass_2168.png,0
pass_2169.png,0
pass_2170.png,0
pass_2171.png,0
pass_2172.png,1
pass_2173.png,0
pass_2174.png,0
pass_2175.png,0
pass_2176.png,0
pass_2177.png,0
pass_2178.png,1
pass_2179.png,1
pass_2180.png,0
pass_2181.png,0
pass_2182.png,1
pass_2183.png,0
pass_2184.png,1
pass_2185.png,0
pass_2186.png,1
pass_2187.png,0
pass_2188.png,0
pass_2189.png,1
pass_2190.png,0
pass_2191.png,0
pass_2192.png,0
pass_2193.png,0
pass_2194.png,0
pass_2195.png,1
pass_2196.png,1
pass_2197.png,0
pass_2198.png,0
pass_2199.png,0
pass_2200.png,0
pass_2201.png,0
pass_2202.png,0
pass_2203.png,1
pass_2204.png,1
pass_2205.png,0
pass_2206.png,1
pass_2207.png,0
pass_2208.png,0
pass_2209.png,0
pass_2210.png,1
pass_2211.png,0
pass_2212.png,1
pass_2213.png,0
pass_2214.png,1
pass_2215.png,0
pass_2216.png,0
pass_2217.png,0
pass_2218.png,0
pass_2219.png,1
pass_2220.png,1
pass_2221.png,0
pass_2222.png,0
pass_2223.png,1
pass_2224.png,0
pass_2225.png,0
pass_2226.png,1
pass_2227.png,0
pass_2228.png,0
pass_2229.png,0
pass_2230.png,0
pass_2231.png,0
pass_2232.png,0
pass_2233.png,0
pass_2234.png,0
pass_2235.png,1
pass_2236.png,0
pass_2237.png,1
pass_2238.png,1
pass_2239.png,0
pass_2240.png,0
pass_2241.png,0
pass_2242.png,1
pass_2243.png,0
pass_2244.png,0
pass_2245.png,0
pass_2246.png,0
pass_2247.png,0
pass_2248.png,0
pass_2249.png,0
pass_2250.png,0
pass_2251.png,1
pass_2252.png,1
pass_2253.png,0
pass_2254.png,1
pass_2255.png,0
pass_2256.png,0
pass_2257.png,1
pass_2258.png,0
pass_2259.png,0
pass_2260.png,0
pass_2261.png,0
pass_2262.png,0
pass_2263.png,0
pass_2264.png,0
pass_2265.png,0
pass_2266.png,0
pass_2267.png,0
pass_2268.png,0
pass_2269.png,0
pass_2270.png,0
pass_2271.png,0
pass_2272.png,0
pass_2273.png,0
pass_2274.png,0
pass_2275.png,1
pass_2276.png,0
pass_2277.png,0
pass_2278.png,0
pass_2279.png,0
pass_2280.png,1
pass_2281.png,0
pass_2282.png,1
pass_2283.png,1
pass_2284.png,0
pass_2285.png,0
pass_2286.png,1
pass_2287.png,1
pass_2288.png,0
pass_2289.png,0
pass_2290.png,1
pass_2291.png,0
pass_2292.png,0
pass_2293.png,0
pass_2294.png,1
pass_2295.png,0
pass_2296.png,0
pass_2297.png,1
pass_2298.png,0
pass_2299.png,0
pass_2300.png,0
pass_2301.png,0
pass_2302.png,0
pass_2303.png,0
pass_2304.png,0
pass_2305.png,0
pass_2306.png,1
pass_2307.png,0
pass_2308.png,1
pass_2309.png,0
pass_2310.png,0
pass_2311.png,0
pass_2312.png,0
pass_2313.png,0
pass_2314.png,0
pass_2315.png,0
pass_2316.png,0
pass_2317.png,1
pass_2318.png,1
pass_2319.png,0
pass_2320.png,0
pass_2321.png,0
pass_2322.png,0
pass_2323.png,0
pass_2324.png,0
pass_2325.png,0
pass_2326.png,0
pass_2327.png,0
pass_2328.png,0
pass_2329.png,0
pass_2330.png,0
pass_2331.png,0
pass_2332.png,1
pass_2333.png,1
pass_2334.png,0
pass_2335.png,0
pass_2336.png,0
pass_2337.png,0
pass_2338.png,0
pass_2339.png,0
pass_2340.png,0
pass_2341.png,0
pass_2342.png,1
pass_2343.png,0
pass_2344.png,0
pass_2345.png,0
pass_2346.png,0
pass_2347.png,0
pass_2348.png,0
pass_2349.png,0
pass_2350.png,1
pass_2351.png,0
pass_2352.png,0
pass_2353.png,1
pass_2354.png,0
pass_2355.png,0
pass_2356.png,0
pass_2357.png,0
pass_2358.png,0
pass_2359.png,0
pass_2360.png,0
pass_2361.png,0
pass_2362.png,1
pass_2363.png,0
pass_2364.png,0
pass_2365.png,1
pass_2366.png,1
pass_2367.png,1
pass_2368.png,0
pass_2369.png,1
pass_2370.png,1
pass_2371.png,1
pass_2372.png,0
pass_2373.png,0
pass_2374.png,0
pass_2375.png,0
pass_2376.png,1
pass_2377.png,0
pass_2378.png,0
pass_2379.png,0
pass_2380.png,0
pass_2381.png,1
pass_2382.png,0
pass_2383.png,0
pass_2384.png,0
pass_2385.png,1
pass_2386.png,1
pass_2387.png,1
pass_2388.png,0
pass_2389.png,0
pass_2390.png,0
pass_2391.png,0
pass_2392.png,0
pass_2393.png,0
pass_2394.png,0
pass_2395.png,0
pass_2396.png,1
pass_2397.png,0
pass_2398.png,0
pass_2399.png,0
pass_2400.png,0
pass_2401.png,0
pass_2402.png,0
pass_2403.png,1
pass_2404.png,1
pass_2405.png,0
pass_2406.png,0
pass_2407.png,0
pass_2408.png,0
pass_2409.png,1
pass_2410.png,0
pass_2411.png,0
pass_2412.png,1
pass_2413.png,0
pass_2414.png,0
pass_2415.png,1
pass_2416.png,0
pass_2417.png,0
pass_2418.png,0
pass_2419.png,0
pass_2420.png,0
pass_2421.png,0
pass_2422.png,0
pass_2423.png,0
pass_2424.png,0
pass_2425.png,0
pass_2426.png,0
pass_2427.png,1
pass_2428.png,0
pass_2429.png,0
pass_2430.png,0
pass_2431.png,0
pass_2432.png,1
pass_2433.png,0
pass_2434.png,1
pass_2435.png,0
pass_2436.png,0
pass_2437.png,0
pass_2438.png,1
pass_2439.png,1
pass_2440.png,0
pass_2441.png,0
pass_2442.png,0
pass_2443.png,0
pass_2444.png,0
pass_2445.png,0
pass_2446.png,0
pass_2447.png,1
pass_2448.png,1
pass_2449.png,1
pass_2450.png,0
pass_2451.png,0
pass_2452.png,1
pass_2453.png,1
pass_2454.png,1
pass_2455.png,0
pass_2456.png,0
pass_2457.png,1
pass_2458.png,0
pass_2459.png,1
pass_2460.png,0
pass_2461.png,0
pass_2462.png,0
pass_2463.png,0
pass_2464.png,1
pass_2465.png,0
pass_2466.png,0
pass_2467.png,0
pass_2468.png,0
pass_2469.png,0
pass_2470.png,0
pass_2471.png,1
pass_2472.png,0
pass_2473.png,0
pass_2474.png,0
pass_2475.png,0
pass_2476.png,0
pass_2477.png,1
pass_2478.png,0
pass_2479.png,0
pass_2480.png,0
pass_2481.png,0
pass_2482.png,0
pass_2483.png,0
pass_2484.png,1
pass_2485.png,0
pass_2486.png,0
pass_2487.png,0
pass_2488.png,0
pass_2489.png,1
pass_2490.png,1
pass_2491.png,1
pass_2492.png,0
pass_2493.png,0
pass_2494.png,0
pass_2495.png,0
pass_2496.png,0
pass_2497.png,0
pass_2498.png,0
pass_2499.png,0
pass_2500.png,0
pass_2501.png,0
pass_2502.png,1
pass_2503.png,0
pass_2504.png,0
pass_2505.png,1
pass_2506.png,0
pass_2507.png,1
pass_2508.png,0
pass_2509.png,0
pass_2510.png,0
pass_2511.png,0
pass_2512.png,0
pass_2513.png,0
pass_2514.png,1
pass_2515.png,0
pass_2516.png,0
pass_2517.png,0
pass_2518.png,0
pass_2519.png,0
pass_2520.png,0
pass_2521.png,0
pass_2522.png,0
pass_2523.png,0
pass_2524.png,0
pass_2525.png,0
pass_2526.png,0
pass_2527.png,1
pass_2528.png,0
pass_2529.png,0
pass_2530.png,0
pass_2531.png,0
pass_2532.png,0
pass_2533.png,0
pass_2534.png,1
pass_2535.png,0
pass_2536.png,1
pass_2537.png,0
pass_2538.png,1
pass_2539.png,0
pass_2540.png,0
pass_2541.png,0
pass_2542.png,1
pass_2543.png,0
pass_2544.png,1
pass_2545.png,1
pass_2546.png,1
pass_2547.png,0
pass_2548.png,0
pass_2549.png,0
pass_2550.png,0
pass_2551.png,0
pass_2552.png,1
pass_2553.png,1
pass_2554.png,0
pass_2555.png,0
pass_2556.png,0
pass_2557.png,0
pass_2558.png,0
pass_2559.png,0
pass_2560.png,0
pass_2561.png,0
pass_2562.png,0
pass_2563.png,0
pass_2564.png,0
pass_2565.png,1
pass_2566.png,1
pass_2567.png,0
pass_2568.png,0
pass_2569.png,1
pass_2570.png,0
pass_2571.png,0
pass_2572.png,0
pass_2573.png,0
pass_2574.png,0
pass_2575.png,0
pass_2576.png,0
pass_2577.png,0
pass_2578.png,0
pass_2579.png,0
pass_2580.png,0
pass_2581.png,0
pass_2582.png,0
pass_2583.png,0
pass_2584.png,0
pass_2585.png,0
pass_2586.png,0
pass_2587.png,1
pass_2588.png,0
pass_2589.png,0
pass_2590.png,1
pass_2591.png,1
pass_2592.png,0
pass_2593.png,0
pass_2594.png,1
pass_2595.png,0
pass_2596.png,0
pass_2597.png,0
pass_2598.png,0
pass_2599.png,0
pass_2600.png,0
pass_2601.png,0
pass_2602.png,1
pass_2603.png,0
pass_2604.png,0
pass_2605.png,1
pass_2606.png,0
pass_2607.png,0
pass_2608.png,0
pass_2609.png,0
pass_2610.png,0
pass_2611.png,1
pass_2612.png,0
pass_2613.png,0
pass_2614.png,0
pass_2615.png,0
pass_2616.png,0
pass_2617.png,0
pass_2618.png,0
pass_2619.png,0
pass_2620.png,0
pass_2621.png,1
pass_2622.png,0
pass_2623.png,0
pass_2624.png,1
pass_2625.png,1
pass_2626.png,0
pass_2627.png,0
pass_2628.png,1
pass_2629.png,0
pass_2630.png,0
pass_2631.png,0
pass_2632.png,0
pass_2633.png,0
pass_2634.png,0
pass_2635.png,0
pass_2636.png,1
pass_2637.png,0
pass_2638.png,1
pass_2639.png,0
pass_2640.png,0
pass_2641.png,0
pass_2642.png,0
pass_2643.png,0
pass_2644.png,0
pass_2645.png,1
pass_2646.png,1
pass_2647.png,0
pass_2648.png,1
pass_2649.png,0
pass_2650.png,0
pass_2651.png,1
pass_2652.png,0
pass_2653.png,1
pass_2654.png,0
pass_2655.png,0
pass_2656.png,0
pass_2657.png,0
pass_2658.png,0
pass_2659.png,0
pass_2660.png,0
pass_2661.png,0
pass_2662.png,0
pass_2663.png,1
pass_2664.png,0
pass_2665.png,0
pass_2666.png,0
pass_2667.png,1
pass_2668.png,1
pass_2669.png,1
pass_2670.png,0
pass_2671.png,0
pass_2672.png,0
pass_2673.png,0
pass_2674.png,0
pass_2675.png,0
pass_2676.png,0
pass_2677.png,1
pass_2678.png,0
pass_2679.png,0
pass_2680.png,0
pass_2681.png,1
pass_2682.png,0
pass_2683.png,0
pass_2684.png,1
pass_2685.png,0
pass_2686.png,0
pass_2687.png,1
pass_2688.png,0
pass_2689.png,0
pass_2690.png,0
pass_2691.png,0
pass_2692.png,0
pass_2693.png,0
pass_2694.png,0
pass_2695.png,0
pass_2696.png,0
pass_2697.png,0
pass_2698.png,0
pass_2699.png,0
pass_2700.png,0
pass_2701.png,0
pass_2702.png,0
pass_2703.png,0
pass_2704.png,0
pass_2705.png,0
pass_2706.png,1
pass_2707.png,1
pass_2708.png,1
pass_2709.png,0
pass_2710.png,0
pass_2711.png,1
pass_2712.png,0
pass_2713.png,0
pass_2714.png,0
pass_2715.png,0
pass_2716.png,0
pass_2717.png,1
pass_2718.png,0
pass_2719.png,0
pass_2720.png,0
pass_2721.png,0
pass_2722.png,1
pass_2723.png,0
pass_2724.png,0
pass_2725.png,0
pass_2726.png,1
pass_2727.png,0
pass_2728.png,0
pass_2729.png,0
pass_2730.png,0
pass_2731.png,1
pass_2732.png,0
pass_2733.png,0
pass_2734.png,0
pass_2735.png,0
pass_2736.png,0
pass_2737.png,0
pass_2738.png,0
pass_2739.png,0
pass_2740.png,0
pass_2741.png,0
pass_2742.png,0
pass_2743.png,0
pass_2744.png,0
pass_2745.png,0
pass_2746.png,0
pass_2747.png,0
pass_2748.png,0
pass_2749.png,0
pass_2750.png,0
pass_2751.png,1
pass_2752.png,0
pass_2753.png,0
pass_2754.png,0
pass_2755.png,0
pass_2756.png,0
pass_2757.png,1
pass_2758.png,0
pass_2759.png,1
pass_2760.png,0
pass_2761.png,0
pass_2762.png,0
pass_2763.png,0
pass_2764.png,0
pass_2765.png,0
pass_2766.png,0
pass_2767.png,0
pass_2768.png,0
pass_2769.png,0
pass_2770.png,0
pass_2771.png,1
pass_2772.png,0
pass_2773.png,0
pass_2774.png,0
pass_2775.png,0
pass_2776.png,0
pass_2777.png,0
pass_2778.png,0
pass_2779.png,0
pass_2780.png,0
pass_2781.png,1
pass_2782.png,0
pass_2783.png,0
pass_2784.png,0
pass_2785.png,0
pass_2786.png,0
pass_2787.png,0
pass_2788.png,0
pass_2789.png,0
pass_2790.png,0
pass_2791.png,0
pass_2792.png,0
pass_2793.png,1
pass_2794.png,0
pass_2795.png,1
pass_2796.png,0
pass_2797.png,0
pass_2798.png,0
pass_2799.png,1
pass_2800.png,0
pass_2801.png,0
pass_2802.png,0
pass_2803.png,1
pass_2804.png,0
pass_2805.png,1
pass_2806.png,0
pass_2807.png,0
pass_2808.png,0
pass_2809.png,0
pass_2810.png,1
pass_2811.png,0
pass_2812.png,0
pass_2813.png,0
pass_2814.png,0
pass_2815.png,1
pass_2816.png,0
pass_2817.png,0
pass_2818.png,0
pass_2819.png,0
pass_2820.png,0
pass_2821.png,0
pass_2822.png,0
pass_2823.png,0
pass_2824.png,1
pass_2825.png,0
pass_2826.png,1
pass_2827.png,0
pass_2828.png,0
pass_2829.png,1
pass_2830.png,0
pass_2831.png,0
pass_2832.png,0
pass_2833.png,0
pass_2834.png,0
pass_2835.png,1
pass_2836.png,1
pass_2837.png,0
pass_2838.png,1
pass_2839.png,0
pass_2840.png,0
pass_2841.png,0
pass_2842.png,0
pass_2843.png,0
pass_2844.png,0
pass_2845.png,0
pass_2846.png,0
pass_2847.png,0
pass_2848.png,1
pass_2849.png,0
pass_2850.png,0
pass_2851.png,1
pass_2852.png,1
pass_2853.png,1
pass_2854.png,0
pass_2855.png,0
pass_2856.png,0
pass_2857.png,0
pass_2858.png,0
pass_2859.png,0
pass_2860.png,0
pass_2861.png,0
pass_2862.png,0
pass_2863.png,0
pass_2864.png,0
pass_2865.png,0
pass_2866.png,0
pass_2867.png,0
pass_2868.png,0
pass_2869.png,0
pass_2870.png,0
pass_2871.png,0
pass_2872.png,0
pass_2873.png,0
pass_2874.png,0
pass_2875.png,0
pass_2876.png,0
pass_2877.png,0
pass_2878.png,1
pass_2879.png,0
pass_2880.png,0
pass_2881.png,0
pass_2882.png,0
pass_2883.png,0
pass_2884.png,0
pass_2885.png,0
pass_2886.png,1
pass_2887.png,0
pass_2888.png,0
pass_2889.png,0
pass_2890.png,0
pass_2891.png,0
pass_2892.png,0
pass_2893.png,0
pass_2894.png,0
pass_2895.png,0
pass_2896.png,0
pass_2897.png,0
pass_2898.png,0
pass_2899.png,0
pass_2900.png,0
pass_2901.png,1
pass_2902.png,0
pass_2903.png,0
pass_2904.png,0
pass_2905.png,0
pass_2906.png,1
pass_2907.png,1
pass_2908.png,1
pass_2909.png,1
pass_2910.png,1
pass_2911.png,1
pass_2912.png,1
pass_2913.png,0
pass_2914.png,0
pass_2915.png,0
pass_2916.png,0
pass_2917.png,0
pass_2918.png,0
pass_2919.png,0
pass_2920.png,0
pass_2921.png,1
pass_2922.png,0
pass_2923.png,1
pass_2924.png,0
pass_2925.png,1
pass_2926.png,0
pass_2927.png,0
pass_2928.png,0
pass_2929.png,0
pass_2930.png,0
pass_2931.png,1
pass_2932.png,0
pass_2933.png,0
pass_2934.png,1
pass_2935.png,0
pass_2936.png,0
pass_2937.png,1
pass_2938.png,0
pass_2939.png,0
pass_2940.png,0
pass_2941.png,0
pass_2942.png,0
pass_2943.png,0
pass_2944.png,0
pass_2945.png,0
pass_2946.png,1
pass_2947.png,1
pass_2948.png,0
pass_2949.png,0
pass_2950.png,0
pass_2951.png,0
pass_2952.png,0
pass_2953.png,0
pass_2954.png,0
pass_2955.png,1
pass_2956.png,0
pass_2957.png,0
pass_2958.png,0
pass_2959.png,0
pass_2960.png,1
pass_2961.png,0
pass_2962.png,0
pass_2963.png,0
pass_2964.png,0
pass_2965.png,0
pass_2966.png,1
pass_2967.png,0
pass_2968.png,0
pass_2969.png,0
pass_2970.png,1
pass_2971.png,1
pass_2972.png,0
pass_2973.png,1
pass_2974.png,0
pass_2975.png,0
pass_2976.png,1
pass_2977.png,0
pass_2978.png,0
pass_2979.png,0
pass_2980.png,0
pass_2981.png,0
pass_2982.png,1
pass_2983.png,0
pass_2984.png,0
pass_2985.png,0
pass_2986.png,0
pass_2987.png,1
pass_2988.png,0
pass_2989.png,1
pass_2990.png,0
pass_2991.png,0
pass_2992.png,0
pass_2993.png,0
pass_2994.png,0
pass_2995.png,0
pass_2996.png,0
pass_2997.png,1
pass_2998.png,0
pass_2999.png,1
pass_3000.png,0
pass_3001.png,0
pass_3002.png,0
pass_3003.png,0
pass_3004.png,0
pass_3005.png,0
pass_3006.png,1
pass_3007.png,0
pass_3008.png,0
pass_3009.png,1
pass_3010.png,0
pass_3011.png,1
pass_3012.png,0
pass_3013.png,0
pass_3014.png,0
pass_3015.png,1
pass_3016.png,1
pass_3017.png,0
pass_3018.png,0
pass_3019.png,0
pass_3020.png,1
pass_3021.png,0
pass_3022.png,0
pass_3023.png,0
pass_3024.png,1
pass_3025.png,0
pass_3026.png,0
pass_3027.png,0
pass_3028.png,0
pass_3029.png,0
pass_3030.png,0
pass_3031.png,0
pass_3032.png,0
pass_3033.png,0
pass_3034.png,1
pass_3035.png,0
pass_3036.png,0
pass_3037.png,0
pass_3038.png,0
pass_3039.png,0
pass_3040.png,1
pass_3041.png,1
pass_3042.png,1
pass_3043.png,0
pass_3044.png,0
pass_3045.png,1
pass_3046.png,0
pass_3047.png,0
pass_3048.png,0
pass_3049.png,0
pass_3050.png,0
pass_3051.png,1
pass_3052.png,0
pass_3053.png,0
pass_3054.png,1
pass_3055.png,0
pass_3056.png,0
pass_3057.png,0
pass_3058.png,1
pass_3059.png,0
pass_3060.png,0
pass_3061.png,0
pass_3062.png,0
pass_3063.png,1
pass_3064.png,0
pass_3065.png,0
pass_3066.png,0
pass_3067.png,0
pass_3068.png,0
pass_3069.png,0
pass_3070.png,0
pass_3071.png,0
pass_3072.png,0
pass_3073.png,0
pass_3074.png,0
pass_3075.png,0
pass_3076.png,0
pass_3077.png,0
pass_3078.png,0
pass_3079.png,1
pass_3080.png,0
pass_3081.png,0
pass_3082.png,0
pass_3083.png,0
pass_3084.png,0
pass_3085.png,0
pass_3086.png,0
pass_3087.png,1
pass_3088.png,0
pass_3089.png,0
pass_3090.png,0
pass_3091.png,0
pass_3092.png,0
pass_3093.png,1
pass_3094.png,1
pass_3095.png,0
pass_3096.png,0
pass_3097.png,0
pass_3098.png,1
pass_3099.png,1
pass_3100.png,0
pass_3101.png,0
pass_3102.png,0
pass_3103.png,0
pass_3104.png,0
pass_3105.png,0
pass_3106.png,1
pass_3107.png,0
pass_3108.png,0
pass_3109.png,1
pass_3110.png,0
pass_3111.png,0
pass_3112.png,0
pass_3113.png,1
pass_3114.png,0
pass_3115.png,0
pass_3116.png,1
pass_3117.png,0
pass_3118.png,0
pass_3119.png,0
pass_3120.png,0
pass_3121.png,0
pass_3122.png,0
pass_3123.png,0
pass_3124.png,1
pass_3125.png,0
pass_3126.png,0
pass_3127.png,0
pass_3128.png,1
pass_3129.png,0
pass_3130.png,0
pass_3131.png,0
pass_3132.png,0
pass_3133.png,0
pass_3134.png,0
pass_3135.png,0
pass_3136.png,0
pass_3137.png,1
pass_3138.png,0
pass_3139.png,1
pass_3140.png,0
pass_3141.png,1
pass_3142.png,0
pass_3143.png,0
pass_3144.png,0
pass_3145.png,0
pass_3146.png,0
pass_3147.png,0
pass_3148.png,0
pass_3149.png,0
pass_3150.png,0
pass_3151.png,0
pass_3152.png,0
pass_3153.png,0
pass_3154.png,1
pass_3155.png,0
pass_3156.png,0
pass_3157.png,0
pass_3158.png,1
pass_3159.png,0
pass_3160.png,0
pass_3161.png,0
pass_3162.png,0
pass_3163.png,0
pass_3164.png,1
pass_3165.png,0
pass_3166.png,0
pass_3167.png,0
pass_3168.png,1
pass_3169.png,0
pass_3170.png,0
pass_3171.png,0
pass_3172.png,1
pass_3173.png,1
pass_3174.png,0
pass_3175.png,0
pass_3176.png,0
pass_3177.png,1
pass_3178.png,0
pass_3179.png,1
pass_3180.png,0
pass_3181.png,0
pass_3182.png,0
pass_3183.png,0
pass_3184.png,1
pass_3185.png,1
pass_3186.png,0
pass_3187.png,0
pass_3188.png,0
pass_3189.png,1
pass_3190.png,0
pass_3191.png,1
pass_3192.png,0
pass_3193.png,0
pass_3194.png,1
pass_3195.png,1
pass_3196.png,0
pass_3197.png,0
pass_3198.png,0
pass_3199.png,0
pass_3200.png,0
pass_3201.png,0
pass_3202.png,0
pass_3203.png,0
pass_3204.png,0
pass_3205.png,1
pass_3206.png,1
pass_3207.png,1
pass_3208.png,1
pass_3209.png,0
pass_3210.png,1
pass_3211.png,0
pass_3212.png,1
pass_3213.png,0
pass_3214.png,0
pass_3215.png,1
pass_3216.png,0
pass_3217.png,1
pass_3218.png,0
pass_3219.png,0
pass_3220.png,0
pass_3221.png,1
pass_3222.png,0
pass_3223.png,0
pass_3224.png,0
pass_3225.png,0
pass_3226.png,0
pass_3227.png,0
pass_3228.png,1
pass_3229.png,0
pass_3230.png,0
pass_3231.png,0
pass_3232.png,0
pass_3233.png,0
pass_3234.png,0
pass_3235.png,1
pass_3236.png,0
pass_3237.png,1
pass_3238.png,0
pass_3239.png,0
pass_3240.png,0
pass_3241.png,1
pass_3242.png,0
pass_3243.png,1
pass_3244.png,0
pass_3245.png,1
pass_3246.png,0
pass_3247.png,0
pass_3248.png,1
pass_3249.png,0
pass_3250.png,0
pass_3251.png,0
pass_3252.png,0
pass_3253.png,0
pass_3254.png,0
pass_3255.png,0
pass_3256.png,0
pass_3257.png,0
pass_3258.png,0
pass_3259.png,0
pass_3260.png,1
pass_3261.png,0
pass_3262.png,0
pass_3263.png,0
pass_3264.png,1
pass_3265.png,0
pass_3266.png,0
pass_3267.png,0
pass_3268.png,1
pass_3269.png,0
pass_3270.png,1
pass_3271.png,0
pass_3272.png,0
pass_3273.png,0
pass_3274.png,0
pass_3275.png,0
pass_3276.png,0
pass_3277.png,0
pass_3278.png,1
pass_3279.png,1
pass_3280.png,0
pass_3281.png,0
pass_3282.png,0
pass_3283.png,0
pass_3284.png,0
pass_3285.png,0
pass_3286.png,0
pass_3287.png,0
pass_3288.png,1
pass_3289.png,0
pass_3290.png,0
pass_3291.png,0
pass_3292.png,0
pass_3293.png,0
pass_3294.png,1
pass_3295.png,1
pass_3296.png,0
pass_3297.png,1
pass_3298.png,1
pass_3299.png,1
pass_3300.png,0
pass_3301.png,0
pass_3302.png,0
pass_3303.png,0
pass_3304.png,1
pass_3305.png,0
pass_3306.png,0
pass_3307.png,0
pass_3308.png,0
pass_3309.png,0
pass_3310.png,0
pass_3311.png,0
pass_3312.png,0
pass_3313.png,0
pass_3314.png,0
pass_3315.png,0
pass_3316.png,0
pass_3317.png,1
pass_3318.png,0
pass_3319.png,0
pass_3320.png,1
pass_3321.png,0
pass_3322.png,0
pass_3323.png,0
pass_3324.png,0
pass_3325.png,1
pass_3326.png,0
pass_3327.png,0
pass_3328.png,0
pass_3329.png,0
pass_3330.png,1
pass_3331.png,1
pass_3332.png,1
pass_3333.png,0
pass_3334.png,0
pass_3335.png,0
pass_3336.png,1
pass_3337.png,0
pass_3338.png,0
pass_3339.png,0
pass_3340.png,0
pass_3341.png,0
pass_3342.png,1
pass_3343.png,1
pass_3344.png,0
pass_3345.png,0
pass_3346.png,0
pass_3347.png,0
pass_3348.png,0
pass_3349.png,0
pass_3350.png,0
pass_3351.png,0
pass_3352.png,0
pass_3353.png,0
pass_3354.png,0
pass_3355.png,0
pass_3356.png,1
pass_3357.png,1
pass_3358.png,0
pass_3359.png,1
pass_3360.png,0
pass_3361.png,0
pass_3362.png,0
pass_3363.png,0
pass_3364.png,0
pass_3365.png,0
pass_3366.png,1
pass_3367.png,0
pass_3368.png,0
pass_3369.png,0
pass_3370.png,0
pass_3371.png,1
pass_3372.png,0
pass_3373.png,0
pass_3374.png,1
pass_3375.png,0
pass_3376.png,0
pass_3377.png,0
pass_3378.png,0
pass_3379.png,0
pass_3380.png,1
pass_3381.png,0
pass_3382.png,1
pass_3383.png,0
pass_3384.png,0
pass_3385.png,0
pass_3386.png,0
pass_3387.png,0
pass_3388.png,0
pass_3389.png,0
pass_3390.png,0
pass_3391.png,1
pass_3392.png,0
pass_3393.png,1
pass_3394.png,0
pass_3395.png,0
pass_3396.png,1
pass_3397.png,0
pass_3398.png,0
pass_3399.png,1
pass_3400.png,0
pass_3401.png,1
pass_3402.png,1
pass_3403.png,0
pass_3404.png,0
pass_3405.png,0
pass_3406.png,0
pass_3407.png,1
pass_3408.png,1
pass_3409.png,0
pass_3410.png,1
pass_3411.png,0
pass_3412.png,1
pass_3413.png,0
pass_3414.png,0
pass_3415.png,0
pass_3416.png,0
pass_3417.png,0
pass_3418.png,0
pass_3419.png,1
pass_3420.png,0
pass_3421.png,0
pass_3422.png,0
pass_3423.png,1
pass_3424.png,1
pass_3425.png,0
pass_3426.png,0
pass_3427.png,0
pass_3428.png,1
pass_3429.png,0
pass_3430.png,1
pass_3431.png,0
pass_3432.png,0
pass_3433.png,1
pass_3434.png,0
pass_3435.png,0
pass_3436.png,0
pass_3437.png,1
pass_3438.png,1
pass_3439.png,0
pass_3440.png,0
pass_3441.png,1
pass_3442.png,0
pass_3443.png,0
pass_3444.png,0
pass_3445.png,1
pass_3446.png,0
pass_3447.png,0
pass_3448.png,0
pass_3449.png,0
pass_3450.png,0
pass_3451.png,0
pass_3452.png,0
pass_3453.png,0
pass_3454.png,1
pass_3455.png,0
pass_3456.png,0
pass_3457.png,1
pass_3458.png,0
pass_3459.png,0
pass_3460.png,0
pass_3461.png,0
pass_3462.png,0
pass_3463.png,0
pass_3464.png,1
pass_3465.png,0
pass_3466.png,1
pass_3467.png,0
pass_3468.png,0
pass_3469.png,1
pass_3470.png,0
pass_3471.png,0
pass_3472.png,0
pass_3473.png,0
pass_3474.png,0
pass_3475.png,1
pass_3476.png,0
pass_3477.png,0
pass_3478.png,0
pass_3479.png,0
pass_3480.png,0
pass_3481.png,0
pass_3482.png,0
pass_3483.png,0
pass_3484.png,0
pass_3485.png,0
pass_3486.png,0
pass_3487.png,0
pass_3488.png,0
pass_3489.png,0
pass_3490.png,0
pass_3491.png,0
pass_3492.png,0
pass_3493.png,0
pass_3494.png,0
pass_3495.png,0
pass_3496.png,0
pass_3497.png,0
pass_3498.png,0
pass_3499.png,0
pass_3500.png,0
pass_3501.png,0
pass_3502.png,0
pass_3503.png,0
pass_3504.png,0
pass_3505.png,0
pass_3506.png,0
pass_3507.png,1
pass_3508.png,0
pass_3509.png,1
pass_3510.png,1
pass_3511.png,0
pass_3512.png,0
pass_3513.png,0
pass_3514.png,1
pass_3515.png,1
pass_3516.png,1
pass_3517.png,0
pass_3518.png,0
pass_3519.png,0
pass_3520.png,0
pass_3521.png,1
pass_3522.png,1
pass_3523.png,0
pass_3524.png,1
pass_3525.png,0
pass_3526.png,0
pass_3527.png,0
pass_3528.png,0
pass_3529.png,0
pass_3530.png,1
pass_3531.png,0
pass_3532.png,0
pass_3533.png,1
pass_3534.png,0
pass_3535.png,0
pass_3536.png,0
pass_3537.png,0
pass_3538.png,0
pass_3539.png,0
pass_3540.png,0
pass_3541.png,0
pass_3542.png,0
pass_3543.png,0
pass_3544.png,0
pass_3545.png,0
pass_3546.png,1
pass_3547.png,0
pass_3548.png,0
pass_3549.png,0
pass_3550.png,1
pass_3551.png,0
pass_3552.png,1
pass_3553.png,1
pass_3554.png,1
pass_3555.png,0
pass_3556.png,0
pass_3557.png,0
pass_3558.png,1
pass_3559.png,0
pass_3560.png,0
pass_3561.png,0
pass_3562.png,0
pass_3563.png,0
pass_3564.png,0
pass_3565.png,1
pass_3566.png,0
pass_3567.png,0
pass_3568.png,0
pass_3569.png,0
pass_3570.png,0
pass_3571.png,1
pass_3572.png,0
pass_3573.png,0
pass_3574.png,0
pass_3575.png,0
pass_3576.png,0
pass_3577.png,0
pass_3578.png,0
pass_3579.png,1
pass_3580.png,0
pass_3581.png,0
pass_3582.png,0
pass_3583.png,0
pass_3584.png,0
pass_3585.png,0
pass_3586.png,1
pass_3587.png,0
pass_3588.png,0
pass_3589.png,0
pass_3590.png,1
pass_3591.png,0
pass_3592.png,0
pass_3593.png,0
pass_3594.png,0
pass_3595.png,1
pass_3596.png,1
pass_3597.png,0
pass_3598.png,0
pass_3599.png,0
pass_3600.png,0
pass_3601.png,1
pass_3602.png,0
pass_3603.png,0
pass_3604.png,0
pass_3605.png,0
pass_3606.png,0
pass_3607.png,0
pass_3608.png,0
pass_3609.png,0
pass_3610.png,1
pass_3611.png,0
pass_3612.png,0
pass_3613.png,1
pass_3614.png,0
pass_3615.png,0
pass_3616.png,0
pass_3617.png,1
pass_3618.png,1
pass_3619.png,1
pass_3620.png,0
pass_3621.png,1
pass_3622.png,0
pass_3623.png,0
pass_3624.png,0
pass_3625.png,0
pass_3626.png,0
pass_3627.png,0
pass_3628.png,0
pass_3629.png,0
pass_3630.png,1
pass_3631.png,0
pass_3632.png,0
pass_3633.png,0
pass_3634.png,1
pass_3635.png,0
pass_3636.png,0
pass_3637.png,0
pass_3638.png,0
pass_3639.png,1
pass_3640.png,1
pass_3641.png,1
pass_3642.png,1
pass_3643.png,1
pass_3644.png,1
pass_3645.png,0
pass_3646.png,1
pass_3647.png,0
pass_3648.png,1
pass_3649.png,0
pass_3650.png,0
pass_3651.png,0
pass_3652.png,0
pass_3653.png,0
pass_3654.png,0
pass_3655.png,0
pass_3656.png,1
pass_3657.png,1
pass_3658.png,0
pass_3659.png,1
pass_3660.png,0
pass_3661.png,1
pass_3662.png,1
pass_3663.png,0
pass_3664.png,0
pass_3665.png,1
pass_3666.png,0
pass_3667.png,0
pass_3668.png,1
pass_3669.png,0
pass_3670.png,0
pass_3671.png,0
pass_3672.png,1
pass_3673.png,0
pass_3674.png,0
pass_3675.png,0
pass_3676.png,0
pass_3677.png,0
pass_3678.png,1
pass_3679.png,1
pass_3680.png,0
pass_3681.png,1
pass_3682.png,0
pass_3683.png,0
pass_3684.png,0
pass_3685.png,0
pass_3686.png,0
pass_3687.png,1
pass_3688.png,0
pass_3689.png,0
pass_3690.png,0
pass_3691.png,0
pass_3692.png,0
pass_3693.png,0
pass_3694.png,0
pass_3695.png,1
pass_3696.png,0
pass_3697.png,0
pass_3698.png,1
pass_3699.png,0
pass_3700.png,1
pass_3701.png,0
pass_3702.png,0
pass_3703.png,0
pass_3704.png,0
pass_3705.png,0
pass_3706.png,1
pass_3707.png,1
pass_3708.png,0
pass_3709.png,0
pass_3710.png,0
pass_3711.png,1
pass_3712.png,0
pass_3713.png,1
pass_3714.png,1
pass_3715.png,1
pass_3716.png,0
pass_3717.png,0
pass_3718.png,0
pass_3719.png,0
pass_3720.png,1
pass_3721.png,1
pass_3722.png,1
pass_3723.png,0
pass_3724.png,0
pass_3725.png,1
pass_3726.png,0
pass_3727.png,0
pass_3728.png,0
pass_3729.png,0
pass_3730.png,0
pass_3731.png,1
pass_3732.png,0
pass_3733.png,0
pass_3734.png,0
pass_3735.png,0
pass_3736.png,0
pass_3737.png,0
pass_3738.png,0
pass_3739.png,0
pass_3740.png,0
pass_3741.png,0
pass_3742.png,0
pass_3743.png,1
pass_3744.png,1
pass_3745.png,0
pass_3746.png,0
pass_3747.png,1
pass_3748.png,0
pass_3749.png,0
pass_3750.png,0
pass_3751.png,0
pass_3752.png,0
pass_3753.png,0
pass_3754.png,0
pass_3755.png,0
pass_3756.png,0
pass_3757.png,0
pass_3758.png,0
pass_3759.png,1
pass_3760.png,0
pass_3761.png,0
pass_3762.png,1
pass_3763.png,1
pass_3764.png,0
pass_3765.png,0
pass_3766.png,0
pass_3767.png,0
pass_3768.png,0
pass_3769.png,0
pass_3770.png,0
pass_3771.png,0
pass_3772.png,1
pass_3773.png,0
pass_3774.png,0
pass_3775.png,1
pass_3776.png,0
pass_3777.png,0
pass_3778.png,0
pass_3779.png,0
pass_3780.png,0
pass_3781.png,1
pass_3782.png,0
pass_3783.png,1
pass_3784.png,0
pass_3785.png,0
pass_3786.png,0
pass_3787.png,0
pass_3788.png,0
pass_3789.png,0
pass_3790.png,0
pass_3791.png,0
pass_3792.png,0
pass_3793.png,1
pass_3794.png,0
pass_3795.png,0
pass_3796.png,0
pass_3797.png,0
pass_3798.png,0
pass_3799.png,1
pass_3800.png,1
pass_3801.png,0
pass_3802.png,0
pass_3803.png,0
pass_3804.png,1
pass_3805.png,0
pass_3806.png,0
pass_3807.png,0
pass_3808.png,0
pass_3809.png,1
pass_3810.png,0
pass_3811.png,0
pass_3812.png,0
pass_3813.png,0
pass_3814.png,0
pass_3815.png,1
pass_3816.png,1
pass_3817.png,0
pass_3818.png,0
pass_3819.png,0
pass_3820.png,1
pass_3821.png,0
pass_3822.png,0
pass_3823.png,0
pass_3824.png,0
pass_3825.png,0
pass_3826.png,1
pass_3827.png,0
pass_3828.png,0
pass_3829.png,0
pass_3830.png,1
pass_3831.png,0
pass_3832.png,0
pass_3833.png,0
pass_3834.png,0
pass_3835.png,0
pass_3836.png,0
pass_3837.png,1
pass_3838.png,0
pass_3839.png,0
pass_3840.png,0
pass_3841.png,0
pass_3842.png,1
pass_3843.png,1
pass_3844.png,1
pass_3845.png,0
pass_3846.png,0
pass_3847.png,0
pass_3848.png,0
pass_3849.png,0
pass_3850.png,0
pass_3851.png,1
pass_3852.png,0
pass_3853.png,0
pass_3854.png,0
pass_3855.png,0
pass_3856.png,0
pass_3857.png,0
pass_3858.png,0
pass_3859.png,1
pass_3860.png,0
pass_3861.png,0
pass_3862.png,0
pass_3863.png,0
pass_3864.png,0
pass_3865.png,1
pass_3866.png,0
pass_3867.png,0
pass_3868.png,0
pass_3869.png,0
pass_3870.png,0
pass_3871.png,1
pass_3872.png,0
pass_3873.png,0
pass_3874.png,0
pass_3875.png,0
pass_3876.png,0
pass_3877.png,0
pass_3878.png,0
pass_3879.png,0
pass_3880.png,0
pass_3881.png,1
pass_3882.png,0
pass_3883.png,1
pass_3884.png,0
pass_3885.png,0
pass_3886.png,0
pass_3887.png,0
pass_3888.png,1
pass_3889.png,0
pass_3890.png,0
pass_3891.png,0
pass_3892.png,0
pass_3893.png,0
pass_3894.png,0
pass_3895.png,1
pass_3896.png,0
pass_3897.png,0
pass_3898.png,0
pass_3899.png,0
pass_3900.png,0
pass_3901.png,0
pass_3902.png,0
pass_3903.png,0
pass_3904.png,0
pass_3905.png,1
pass_3906.png,0
pass_3907.png,0
pass_3908.png,1
pass_3909.png,0
pass_3910.png,0
pass_3911.png,0
pass_3912.png,0
pass_3913.png,0
pass_3914.png,0
pass_3915.png,1
pass_3916.png,0
pass_3917.png,0
pass_3918.png,1
pass_3919.png,0
pass_3920.png,0
pass_3921.png,0
pass_3922.png,0
pass_3923.png,0
pass_3924.png,1
pass_3925.png,1
pass_3926.png,0
pass_3927.png,0
pass_3928.png,0
pass_3929.png,1
pass_3930.png,0
pass_3931.png,0
pass_3932.png,0
pass_3933.png,0
pass_3934.png,0
pass_3935.png,0
pass_3936.png,1
pass_3937.png,1
pass_3938.png,0
pass_3939.png,0
pass_3940.png,1
pass_3941.png,1
pass_3942.png,0
pass_3943.png,1
pass_3944.png,0
pass_3945.png,1
pass_3946.png,1
pass_3947.png,0
pass_3948.png,1
pass_3949.png,0
pass_3950.png,0
pass_3951.png,0
pass_3952.png,0
pass_3953.png,0
pass_3954.png,1
pass_3955.png,0
pass_3956.png,0
pass_3957.png,0
pass_3958.png,0
pass_3959.png,0
pass_3960.png,0
pass_3961.png,0
pass_3962.png,0
pass_3963.png,0
pass_3964.png,0
pass_3965.png,0
pass_3966.png,0
pass_3967.png,0
pass_3968.png,1
pass_3969.png,0
pass_3970.png,0
pass_3971.png,0
pass_3972.png,0
pass_3973.png,0
pass_3974.png,0
pass_3975.png,1
pass_3976.png,1
pass_3977.png,0
pass_3978.png,0
pass_3979.png,0
pass_3980.png,0
pass_3981.png,0
pass_3982.png,0
pass_3983.png,0
pass_3984.png,0
pass_3985.png,0
pass_3986.png,0
pass_3987.png,0
pass_3988.png,0
pass_3989.png,1
pass_3990.png,1
pass_3991.png,0
pass_3992.png,0
pass_3993.png,1
pass_3994.png,0
pass_3995.png,0
pass_3996.png,0
pass_3997.png,0
pass_3998.png,0
pass_3999.png,1
pass_4000.png,0
pass_4001.png,0
pass_4002.png,0
pass_4003.png,1
pass_4004.png,1
pass_4005.png,0
pass_4006.png,1
pass_4007.png,0
pass_4008.png,0
pass_4009.png,0
pass_4010.png,0
pass_4011.png,1
pass_4012.png,0
pass_4013.png,0
pass_4014.png,0
pass_4015.png,0
pass_4016.png,1
pass_4017.png,0
pass_4018.png,1
pass_4019.png,0
pass_4020.png,0
pass_4021.png,0
pass_4022.png,0
pass_4023.png,0
pass_4024.png,1
pass_4025.png,1
pass_4026.png,0
pass_4027.png,0
pass_4028.png,0
pass_4029.png,1
pass_4030.png,0
pass_4031.png,0
pass_4032.png,0
pass_4033.png,1
pass_4034.png,0
pass_4035.png,0
pass_4036.png,0
pass_4037.png,1
pass_4038.png,0
pass_4039.png,1
pass_4040.png,0
pass_4041.png,1
pass_4042.png,1
pass_4043.png,0
pass_4044.png,1
pass_4045.png,1
pass_4046.png,1
pass_4047.png,0
pass_4048.png,0
pass_4049.png,0
pass_4050.png,0
pass_4051.png,0
pass_4052.png,1
pass_4053.png,1
pass_4054.png,1
pass_4055.png,1
pass_4056.png,0
pass_4057.png,0
pass_4058.png,0
pass_4059.png,0
pass_4060.png,0
pass_4061.png,0
pass_4062.png,0
pass_4063.png,1
pass_4064.png,0
pass_4065.png,0
pass_4066.png,0
pass_4067.png,1
pass_4068.png,1
pass_4069.png,0
pass_4070.png,1
pass_4071.png,0
pass_4072.png,0
pass_4073.png,0
pass_4074.png,0
pass_4075.png,0
pass_4076.png,0
pass_4077.png,0
pass_4078.png,1
pass_4079.png,0
pass_4080.png,0
pass_4081.png,0
pass_4082.png,1
pass_4083.png,0
pass_4084.png,0
pass_4085.png,0
pass_4086.png,1
pass_4087.png,0
pass_4088.png,0
pass_4089.png,0
pass_4090.png,0
pass_4091.png,1
pass_4092.png,0
pass_4093.png,0
pass_4094.png,0
pass_4095.png,0
pass_4096.png,0
pass_4097.png,0
pass_4098.png,0
pass_4099.png,0
pass_4100.png,0
pass_4101.png,0
pass_4102.png,0
pass_4103.png,0
pass_4104.png,0
pass_4105.png,0
pass_4106.png,0
pass_4107.png,0
pass_4108.png,0
pass_4109.png,0
pass_4110.png,0
pass_4111.png,0
pass_4112.png,0
pass_4113.png,1
pass_4114.png,0
pass_4115.png,0
pass_4116.png,1
pass_4117.png,0
pass_4118.png,0
pass_4119.png,0
pass_4120.png,0
pass_4121.png,1
pass_4122.png,0
pass_4123.png,1
pass_4124.png,0
pass_4125.png,0
pass_4126.png,0
pass_4127.png,0
pass_4128.png,0
pass_4129.png,1
pass_4130.png,0
pass_4131.png,1
pass_4132.png,1
pass_4133.png,0
pass_4134.png,0
pass_4135.png,0
pass_4136.png,0
pass_4137.png,0
pass_4138.png,0
pass_4139.png,0
pass_4140.png,1
pass_4141.png,0
pass_4142.png,0
pass_4143.png,1
pass_4144.png,0
pass_4145.png,0
pass_4146.png,0
pass_4147.png,0
pass_4148.png,0
pass_4149.png,0
pass_4150.png,0
pass_4151.png,0
pass_4152.png,0
pass_4153.png,0
pass_4154.png,0
pass_4155.png,0
pass_4156.png,0
pass_4157.png,1
pass_4158.png,0
pass_4159.png,1
pass_4160.png,0
pass_4161.png,0
pass_4162.png,1
pass_4163.png,1
pass_4164.png,0
pass_4165.png,1
pass_4166.png,0
pass_4167.png,0
pass_4168.png,0
pass_4169.png,0
pass_4170.png,0
pass_4171.png,0
pass_4172.png,0
pass_4173.png,0
pass_4174.png,0
pass_4175.png,0
pass_4176.png,0
pass_4177.png,0
pass_4178.png,0
pass_4179.png,0
pass_4180.png,0
pass_4181.png,1
pass_4182.png,0
pass_4183.png,0
pass_4184.png,0
pass_4185.png,0
pass_4186.png,0
pass_4187.png,0
pass_4188.png,0
pass_4189.png,0
pass_4190.png,1
pass_4191.png,0
pass_4192.png,0
pass_4193.png,1
pass_4194.png,0
pass_4195.png,0
pass_4196.png,0
pass_4197.png,1
pass_4198.png,0
pass_4199.png,0
pass_4200.png,0
pass_4201.png,0
pass_4202.png,0
pass_4203.png,0
pass_4204.png,0
pass_4205.png,0
pass_4206.png,1
pass_4207.png,0
pass_4208.png,0
pass_4209.png,0
pass_4210.png,0
pass_4211.png,0
pass_4212.png,1
pass_4213.png,0
pass_4214.png,0
pass_4215.png,0
pass_4216.png,0
pass_4217.png,0
pass_4218.png,0
pass_4219.png,0
pass_4220.png,0
pass_4221.png,0
pass_4222.png,1
pass_4223.png,0
pass_4224.png,0
pass_4225.png,0
pass_4226.png,0
pass_4227.png,0
pass_4228.png,1
pass_4229.png,0
pass_4230.png,0
pass_4231.png,1
pass_4232.png,0
pass_4233.png,0
pass_4234.png,0
pass_4235.png,0
pass_4236.png,0
pass_4237.png,0
pass_4238.png,0
pass_4239.png,1
pass_4240.png,1
pass_4241.png,0
pass_4242.png,1
pass_4243.png,0
pass_4244.png,1
pass_4245.png,0
pass_4246.png,0
pass_4247.png,1
pass_4248.png,1
pass_4249.png,1
pass_4250.png,0
pass_4251.png,1
pass_4252.png,1
pass_4253.png,1
pass_4254.png,0
pass_4255.png,1
pass_4256.png,0
pass_4257.png,1
pass_4258.png,0
pass_4259.png,0
pass_4260.png,0
pass_4261.png,0
pass_4262.png,0
pass_4263.png,0
pass_4264.png,0
pass_4265.png,0
pass_4266.png,0
pass_4267.png,0
pass_4268.png,0
pass_4269.png,0
pass_4270.png,0
pass_4271.png,0
pass_4272.png,0
pass_4273.png,0
pass_4274.png,0
pass_4275.png,0
pass_4276.png,0
pass_4277.png,0
pass_4278.png,0
pass_4279.png,0
pass_4280.png,0
pass_4281.png,0
pass_4282.png,0
pass_4283.png,0
pass_4284.png,0
pass_4285.png,0
pass_4286.png,0
pass_4287.png,1
pass_4288.png,1
pass_4289.png,0
pass_4290.png,0
pass_4291.png,0
pass_4292.png,1
pass_4293.png,0
pass_4294.png,0
pass_4295.png,0
pass_4296.png,0
pass_4297.png,0
pass_4298.png,0
pass_4299.png,0
pass_4300.png,0
pass_4301.png,0
pass_4302.png,0
pass_4303.png,1
pass_4304.png,0
pass_4305.png,1
pass_4306.png,0
pass_4307.png,0
pass_4308.png,0
pass_4309.png,1
pass_4310.png,1
pass_4311.png,1
pass_4312.png,1
pass_4313.png,0
pass_4314.png,0
pass_4315.png,0
pass_4316.png,0
pass_4317.png,0
pass_4318.png,0
pass_4319.png,0
pass_4320.png,0
pass_4321.png,0
pass_4322.png,0
pass_4323.png,0
pass_4324.png,0
pass_4325.png,0
pass_4326.png,0
pass_4327.png,0
pass_4328.png,1
pass_4329.png,0
pass_4330.png,0
pass_4331.png,0
pass_4332.png,0
pass_4333.png,1
pass_4334.png,0
pass_4335.png,1
pass_4336.png,0
pass_4337.png,0
pass_4338.png,0
pass_4339.png,1
pass_4340.png,0
pass_4341.png,0
pass_4342.png,1
pass_4343.png,0
pass_4344.png,1
pass_4345.png,0
pass_4346.png,0
pass_4347.png,0
pass_4348.png,0
pass_4349.png,0
pass_4350.png,0
pass_4351.png,0
pass_4352.png,0
pass_4353.png,0
pass_4354.png,0
pass_4355.png,0
pass_4356.png,0
pass_4357.png,1
pass_4358.png,0
pass_4359.png,0
pass_4360.png,0
pass_4361.png,0
pass_4362.png,0
pass_4363.png,0
pass_4364.png,0
pass_4365.png,0
pass_4366.png,0
pass_4367.png,0
pass_4368.png,0
pass_4369.png,0
pass_4370.png,0
pass_4371.png,0
pass_4372.png,0
pass_4373.png,0
pass_4374.png,0
pass_4375.png,0
pass_4376.png,0
pass_4377.png,0
pass_4378.png,1
pass_4379.png,1
pass_4380.png,1
pass_4381.png,0
pass_4382.png,0
pass_4383.png,0
pass_4384.png,1
pass_4385.png,0
pass_4386.png,1
pass_4387.png,1
pass_4388.png,0
pass_4389.png,0
pass_4390.png,0
pass_4391.png,0
pass_4392.png,1
pass_4393.png,0
pass_4394.png,0
pass_4395.png,0
pass_4396.png,0
pass_4397.png,0
pass_4398.png,0
pass_4399.png,0
pass_4400.png,0
pass_4401.png,0
pass_4402.png,1
pass_4403.png,1
pass_4404.png,0
pass_4405.png,0
pass_4406.png,0
pass_4407.png,0
pass_4408.png,0
pass_4409.png,0
pass_4410.png,1
pass_4411.png,0
pass_4412.png,0
pass_4413.png,0
pass_4414.png,0
pass_4415.png,1
pass_4416.png,0
pass_4417.png,1
pass_4418.png,0
pass_4419.png,0
pass_4420.png,1
pass_4421.png,0
pass_4422.png,0
pass_4423.png,0
pass_4424.png,1
pass_4425.png,0
pass_4426.png,0
pass_4427.png,0
pass_4428.png,0
pass_4429.png,0
pass_4430.png,1
pass_4431.png,0
pass_4432.png,0
pass_4433.png,0
pass_4434.png,1
pass_4435.png,1
pass_4436.png,0
pass_4437.png,1
pass_4438.png,0
pass_4439.png,0
pass_4440.png,0
pass_4441.png,1
pass_4442.png,0
pass_4443.png,0
pass_4444.png,0
pass_4445.png,0
pass_4446.png,0
pass_4447.png,0
pass_4448.png,0
pass_4449.png,0
pass_4450.png,0
pass_4451.png,0
pass_4452.png,0
pass_4453.png,0
pass_4454.png,0
pass_4455.png,0
pass_4456.png,0
pass_4457.png,0
pass_4458.png,0
pass_4459.png,0
pass_4460.png,1
pass_4461.png,1
pass_4462.png,1
pass_4463.png,0
pass_4464.png,0
pass_4465.png,0
pass_4466.png,1
pass_4467.png,0
pass_4468.png,0
pass_4469.png,0
pass_4470.png,0
pass_4471.png,0
pass_4472.png,1
pass_4473.png,1
pass_4474.png,0
pass_4475.png,0
pass_4476.png,0
pass_4477.png,0
pass_4478.png,0
pass_4479.png,0
pass_4480.png,0
pass_4481.png,1
pass_4482.png,0
pass_4483.png,0
pass_4484.png,0
pass_4485.png,0
pass_4486.png,0
pass_4487.png,0
pass_4488.png,0
pass_4489.png,0
pass_4490.png,0
pass_4491.png,0
pass_4492.png,1
pass_4493.png,0
pass_4494.png,1
pass_4495.png,0
pass_4496.png,0
pass_4497.png,0
pass_4498.png,0
pass_4499.png,0
pass_4500.png,0
pass_4501.png,0
pass_4502.png,0
pass_4503.png,0
pass_4504.png,0
pass_4505.png,0
pass_4506.png,0
pass_4507.png,0
pass_4508.png,0
pass_4509.png,0
pass_4510.png,1
pass_4511.png,0
pass_4512.png,1
pass_4513.png,0
pass_4514.png,0
pass_4515.png,0
pass_4516.png,0
pass_4517.png,1
pass_4518.png,0
pass_4519.png,0
pass_4520.png,0
pass_4521.png,0
pass_4522.png,0
pass_4523.png,0
pass_4524.png,0
pass_4525.png,1
pass_4526.png,0
pass_4527.png,0
pass_4528.png,1
pass_4529.png,0
pass_4530.png,0
pass_4531.png,0
pass_4532.png,0
pass_4533.png,1
pass_4534.png,0
pass_4535.png,0
pass_4536.png,0
pass_4537.png,0
pass_4538.png,1
pass_4539.png,0
pass_4540.png,0
pass_4541.png,0
pass_4542.png,0
pass_4543.png,0
pass_4544.png,0
pass_4545.png,0
pass_4546.png,0
pass_4547.png,0
pass_4548.png,0
pass_4549.png,0
pass_4550.png,1
pass_4551.png,0
pass_4552.png,0
pass_4553.png,0
pass_4554.png,0
pass_4555.png,1
pass_4556.png,0
pass_4557.png,0
pass_4558.png,1
pass_4559.png,1
pass_4560.png,0
pass_4561.png,0
pass_4562.png,1
pass_4563.png,0
pass_4564.png,0
pass_4565.png,1
pass_4566.png,1
pass_4567.png,1
pass_4568.png,0
pass_4569.png,0
pass_4570.png,0
pass_4571.png,0
pass_4572.png,0
pass_4573.png,0
pass_4574.png,0
pass_4575.png,1
pass_4576.png,0
pass_4577.png,0
pass_4578.png,0
pass_4579.png,0
pass_4580.png,0
pass_4581.png,0
pass_4582.png,1
pass_4583.png,0
pass_4584.png,0
pass_4585.png,0
pass_4586.png,0
pass_4587.png,0
pass_4588.png,0
pass_4589.png,0
pass_4590.png,0
pass_4591.png,0
pass_4592.png,1
pass_4593.png,0
pass_4594.png,1
pass_4595.png,0
pass_4596.png,1
pass_4597.png,0
pass_4598.png,0
pass_4599.png,0
pass_4600.png,1
pass_4601.png,0
pass_4602.png,0
pass_4603.png,0
pass_4604.png,0
pass_4605.png,0
pass_4606.png,0
pass_4607.png,0
pass_4608.png,0
pass_4609.png,0
pass_4610.png,0
pass_4611.png,0
pass_4612.png,0
pass_4613.png,0
pass_4614.png,0
pass_4615.png,0
pass_4616.png,0
pass_4617.png,0
pass_4618.png,0
pass_4619.png,0
pass_4620.png,0
pass_4621.png,0
pass_4622.png,0
pass_4623.png,0
pass_4624.png,0
pass_4625.png,0
pass_4626.png,0
pass_4627.png,1
pass_4628.png,0
pass_4629.png,0
pass_4630.png,0
pass_4631.png,0
pass_4632.png,0
pass_4633.png,1
pass_4634.png,0
pass_4635.png,1
pass_4636.png,1
pass_4637.png,0
pass_4638.png,1
pass_4639.png,0
pass_4640.png,0
pass_4641.png,0
pass_4642.png,1
pass_4643.png,1
pass_4644.png,0
pass_4645.png,0
pass_4646.png,1
pass_4647.png,1
pass_4648.png,0
pass_4649.png,0
pass_4650.png,1
pass_4651.png,0
pass_4652.png,0
pass_4653.png,0
pass_4654.png,1
pass_4655.png,1
pass_4656.png,1
pass_4657.png,0
pass_4658.png,0
pass_4659.png,0
pass_4660.png,0
pass_4661.png,0
pass_4662.png,0
pass_4663.png,1
pass_4664.png,0
pass_4665.png,1
pass_4666.png,0
pass_4667.png,0
pass_4668.png,0
pass_4669.png,1
pass_4670.png,0
pass_4671.png,0
pass_4672.png,0
pass_4673.png,1
pass_4674.png,0
pass_4675.png,0
pass_4676.png,0
pass_4677.png,0
pass_4678.png,0
pass_4679.png,0
pass_4680.png,0
pass_4681.png,1
pass_4682.png,0
pass_4683.png,0
pass_4684.png,1
pass_4685.png,0
pass_4686.png,0
pass_4687.png,0
pass_4688.png,1
pass_4689.png,0
pass_4690.png,0
pass_4691.png,0
pass_4692.png,1
pass_4693.png,0
pass_4694.png,0
pass_4695.png,0
pass_4696.png,0
pass_4697.png,0
pass_4698.png,0
pass_4699.png,0
pass_4700.png,1
pass_4701.png,0
pass_4702.png,0
pass_4703.png,1
pass_4704.png,0
pass_4705.png,0
pass_4706.png,0
pass_4707.png,0
pass_4708.png,1
pass_4709.png,0
pass_4710.png,1
pass_4711.png,1
pass_4712.png,1
pass_4713.png,0
pass_4714.png,1
pass_4715.png,0
pass_4716.png,1
pass_4717.png,0
pass_4718.png,0
pass_4719.png,1
pass_4720.png,0
pass_4721.png,0
pass_4722.png,1
pass_4723.png,0
pass_4724.png,0
pass_4725.png,0
pass_4726.png,1
pass_4727.png,0
pass_4728.png,0
pass_4729.png,1
pass_4730.png,0
pass_4731.png,0
pass_4732.png,1
pass_4733.png,1
pass_4734.png,0
pass_4735.png,0
pass_4736.png,1
pass_4737.png,0
pass_4738.png,0
pass_4739.png,1
pass_4740.png,0
pass_4741.png,0
pass_4742.png,1
pass_4743.png,0
pass_4744.png,0
pass_4745.png,0
pass_4746.png,0
pass_4747.png,0
pass_4748.png,0
pass_4749.png,0
pass_4750.png,0
pass_4751.png,0
pass_4752.png,0
pass_4753.png,1
pass_4754.png,0
pass_4755.png,1
pass_4756.png,0
pass_4757.png,0
pass_4758.png,0
pass_4759.png,0
pass_4760.png,0
pass_4761.png,0
pass_4762.png,0
pass_4763.png,1
pass_4764.png,0
pass_4765.png,0
pass_4766.png,1
pass_4767.png,0
pass_4768.png,0
pass_4769.png,0
pass_4770.png,0
pass_4771.png,0
pass_4772.png,0
pass_4773.png,0
pass_4774.png,0
pass_4775.png,0
pass_4776.png,0
pass_4777.png,0
pass_4778.png,0
pass_4779.png,0
pass_4780.png,0
pass_4781.png,0
pass_4782.png,0
pass_4783.png,0
pass_4784.png,0
pass_4785.png,0
pass_4786.png,0
pass_4787.png,0
pass_4788.png,0
pass_4789.png,1
pass_4790.png,1
pass_4791.png,0
pass_4792.png,0
pass_4793.png,0
pass_4794.png,0
pass_4795.png,0
pass_4796.png,0
pass_4797.png,0
pass_4798.png,0
pass_4799.png,1
pass_4800.png,0
pass_4801.png,0
pass_4802.png,0
pass_4803.png,0
pass_4804.png,1
pass_4805.png,0
pass_4806.png,0
pass_4807.png,0
pass_4808.png,1
pass_4809.png,0
pass_4810.png,0
pass_4811.png,0
pass_4812.png,0
pass_4813.png,1
pass_4814.png,0
pass_4815.png,1
pass_4816.png,0
pass_4817.png,0
pass_4818.png,1
pass_4819.png,0
pass_4820.png,0
pass_4821.png,0
pass_4822.png,1
pass_4823.png,0
pass_4824.png,0
pass_4825.png,0
pass_4826.png,1
pass_4827.png,0
pass_4828.png,0
pass_4829.png,0
pass_4830.png,0
pass_4831.png,0
pass_4832.png,1
pass_4833.png,0
pass_4834.png,0
pass_4835.png,0
pass_4836.png,1
pass_4837.png,0
pass_4838.png,0
pass_4839.png,0
pass_4840.png,0
pass_4841.png,0
pass_4842.png,0
pass_4843.png,0
pass_4844.png,0
pass_4845.png,0
pass_4846.png,0
pass_4847.png,0
pass_4848.png,0
pass_4849.png,0
pass_4850.png,0
pass_4851.png,0
pass_4852.png,1
pass_4853.png,0
pass_4854.png,0
pass_4855.png,0
pass_4856.png,0
pass_4857.png,1
pass_4858.png,0
pass_4859.png,0
pass_4860.png,0
pass_4861.png,0
pass_4862.png,0
pass_4863.png,0
pass_4864.png,0
pass_4865.png,0
pass_4866.png,0
pass_4867.png,0
pass_4868.png,0
pass_4869.png,0
pass_4870.png,0
pass_4871.png,0
pass_4872.png,0
pass_4873.png,0
pass_4874.png,0
pass_4875.png,0
pass_4876.png,0
pass_4877.png,0
pass_4878.png,1
pass_4879.png,0
pass_4880.png,0
pass_4881.png,0
pass_4882.png,0
pass_4883.png,0
pass_4884.png,1
pass_4885.png,0
pass_4886.png,1
pass_4887.png,0
pass_4888.png,1
pass_4889.png,0
pass_4890.png,1
pass_4891.png,0
pass_4892.png,1
pass_4893.png,1
pass_4894.png,0
pass_4895.png,0
pass_4896.png,0
pass_4897.png,0
pass_4898.png,0
pass_4899.png,1
pass_4900.png,0
pass_4901.png,0
pass_4902.png,0
pass_4903.png,0
pass_4904.png,0
pass_4905.png,1
pass_4906.png,0
pass_4907.png,0
pass_4908.png,0
pass_4909.png,0
pass_4910.png,0
pass_4911.png,1
pass_4912.png,0
pass_4913.png,0
pass_4914.png,0
pass_4915.png,0
pass_4916.png,1
pass_4917.png,0
pass_4918.png,0
pass_4919.png,1
pass_4920.png,1
pass_4921.png,0
pass_4922.png,0
pass_4923.png,0
pass_4924.png,1
pass_4925.png,1
pass_4926.png,1
pass_4927.png,1
pass_4928.png,0
pass_4929.png,0
pass_4930.png,0
pass_4931.png,0
pass_4932.png,0
pass_4933.png,1
pass_4934.png,0
pass_4935.png,0
pass_4936.png,1
pass_4937.png,0
pass_4938.png,0
pass_4939.png,0
pass_4940.png,0
pass_4941.png,0
pass_4942.png,1
pass_4943.png,0
pass_4944.png,0
pass_4945.png,0
pass_4946.png,0
pass_4947.png,0
pass_4948.png,1
pass_4949.png,0
pass_4950.png,1
pass_4951.png,0
pass_4952.png,0
pass_4953.png,0
pass_4954.png,0
pass_4955.png,0
pass_4956.png,0
pass_4957.png,1
pass_4958.png,0
pass_4959.png,0
pass_4960.png,1
pass_4961.png,0
pass_4962.png,0
pass_4963.png,1
pass_4964.png,0
pass_4965.png,0
pass_4966.png,0
pass_4967.png,0
pass_4968.png,0
pass_4969.png,0
pass_4970.png,0
pass_4971.png,0
pass_4972.png,0
pass_4973.png,1
pass_4974.png,0
pass_4975.png,1
pass_4976.png,0
pass_4977.png,0
pass_4978.png,0
pass_4979.png,1
pass_4980.png,1
pass_4981.png,0
pass_4982.png,0
pass_4983.png,0
pass_4984.png,0
pass_4985.png,0
pass_4986.png,0
pass_4987.png,0
pass_4988.png,0
pass_4989.png,1
pass_4990.png,0
pass_4991.png,1
pass_4992.png,0
pass_4993.png,0
pass_4994.png,0
pass_4995.png,0
pass_4996.png,1
pass_4997.png,0
pass_4998.png,0
pass_4999.png,1
